<?xml version="1.0" encoding="UTF-8"?>
<!--
   ****************************************************************************
    MobilityDB Manual
    Copyright(c) MobilityDB Contributors

    This documentation is licensed under a Creative Commons Attribution-Share
    Alike 3.0 License: https://creativecommons.org/licenses/by-sa/3.0/
   ****************************************************************************
-->
<chapter id="manipulating_box_types">
	<title>Manipulación de tipos cuadro delimitador</title>
	<para>A continuación presentamos las funciones y operadores para tipos cuadro delimitador. Estas funciones y operadores son polimórficos, es decir, sus argumentos pueden ser de varios tipos y el tipo del resultado puede depender del tipo de los argumentos. Para expresar esto, usamos la siguiente notación:</para>

	<itemizedlist>
		<listitem>
			<para><varname>box</varname> representa cualquier tipos cuadro delimitador, es decir <varname>tbox</varname> o <varname>stbox</varname>.</para>
		</listitem>
	</itemizedlist>
  <para>A continuación, especificamos con el símbolo &Z_support; que la función admite puntos 3D y con el símbolo &geography_support; que la función está disponible para geografías.</para>

	<sect1 id="input_output_box_tyes">
		<title>Entrada/salida de tipos cuadro delimitador</title>
		<para>Un <varname>tbox</varname> se compone de dimensiones de valor numérico y/o de tiempo. Para cada dimensión, se dan los valores mínimos y máximos. Ejemplos de entrada de valores <varname>tbox</varname> son los siguientes:
			<programlisting xml:space="preserve">
-- Dimensiones de valor y tiempo
SELECT tbox 'TBOX((1.0, 2000-01-01), (2.0, 2000-01-02))';
-- Sólo dimensión de valor
SELECT tbox 'TBOX((1.0,), (2.0,))';
-- Sólo dimensión de tiempo
SELECT tbox 'TBOX((, 2000-01-01), (, 2000-01-02))';
</programlisting>
		</para>

		<para>Un <varname>stbox</varname> se compone de dimensiones de valor espacial y/o de tiempo, donde las coordenadas de la dimensión de valor espacial pueden ser 2D o 3D. Para cada dimensión, se dan los valores mínimos y máximos. Las coordenadas pueden ser cartesianas (planas) o geodésicas (esféricas). Se puede especificar el SRID de las coordenadas; si no es el caso, se asume un valor de 0 (desconocido) y 4326 (correspondiente a WGS84), respectivamente, para coordenadas planas y geodésicas. Ejemplos de entrada de valores <varname>stbox</varname> son los siguientes:
			<programlisting xml:space="preserve">
-- Sólo dimensión de valor con coordenadas X e Y
SELECT stbox 'STBOX((1.0, 2.0), (1.0, 2.0))';
-- Sólo dimensión de valor con coordenadas X, Y y Z
SELECT stbox 'STBOX Z((1.0, 2.0, 3.0), (1.0, 2.0, 3.0))';
-- Dimensiones de valor (con coordenadas X e Y) y de tiempo
SELECT stbox 'STBOX T((1.0, 2.0, 2001-01-03), (1.0, 2.0, 2001-01-03))';
-- Dimensiones de valor (con coordenadas X, Y y Z) y de tiempo
SELECT stbox 'STBOX ZT((1.0, 2.0, 3.0, 2001-01-04), (1.0, 2.0, 3.0, 2001-01-04))';
-- Sólo dimensión de tiempo
SELECT stbox 'STBOX T(( , , 2001-01-03), ( , , 2001-01-03))';
-- Sólo dimensión de valores con coordenadas geodéticas X, Y y Z
SELECT stbox 'GEODSTBOX((1.0, 2.0, 3.0), (1.0, 2.0, 3.0))';
-- Dimensiones de valor (con coordenadas geodéticas X, Y y Z) y de tiempo
SELECT stbox 'GEODSTBOX T((1.0, 2.0, 3.0, 2001-01-04), (1.0, 2.0, 3.0, 2001-01-04))';
-- Sólo dimensión temporal para cuadro geodético
SELECT stbox 'GEODSTBOX T(( , , 2001-01-03), ( , , 2001-01-03))';
-- Se indica el SRID
SELECT stbox 'SRID=5676;STBOX T((1.0, 2.0, 2001-01-04), (1.0, 2.0, 2001-01-04))';
SELECT stbox 'SRID=4326;GEODSTBOX((1.0, 2.0, 3.0), (1.0, 2.0, 3.0))';
</programlisting>
		</para>
	</sect1>

	<sect1 id="constructor_box_types">
		<title>Funciones de constructor</title>

		<para>
			El tipo <varname>tbox</varname> tiene varias funciones constructoras dependiendo de si se dan las dimensiones de valor y/o de tiempo. Estas funciones tienen dos argumentos para los valores mínimo y máximo  de tipo <varname>float</varname> y/o dos argumentos para los valores mínimo y máximo de tipo <varname>timestamptz</varname> .
		</para>

		<itemizedlist>
			<listitem id="tbox">
				<indexterm><primary><varname>tbox</varname></primary></indexterm>
				<para>Constructor para <varname>tbox</varname></para>
				<para><varname>tbox(float,float): tbox</varname></para>
				<para><varname>tboxt(timestamptz,timestamptz): tbox</varname></para>
				<para><varname>tbox(float,timestamptz,float,timestamptz): tbox</varname></para>
				<programlisting xml:space="preserve">
-- Dimensiones de valores y de tiempo
SELECT tbox(1.0, '2001-01-01', 2.0, '2001-01-02');
-- Sólo dimensión de valores
SELECT tbox(1.0, 2.0);
-- Sólo dimensión de tiempo
SELECT tboxt('2001-01-01', '2001-01-02');
</programlisting>
			</listitem>
		</itemizedlist>

		<para>
			El tipo <varname>stbox</varname> tiene varias funciones constructoras dependiendo de si se dan las dimensiones de coordenadas y/o de tiempo. Además, las coordenadas pueden ser 2D o 3D y pueden ser cartesianas o geodésicas. Estas funciones tienen varios argumentos para los valores de coordenadas mínimo y máximo y/o dos argumentos para el valor mínimo y el máximo de <varname>timestamptz</varname>. El SRID se puede especificar en un último argumento opcional. Si no se da, se asume un valor 0 (respectivamente 4326) por defecto para coordenadas planas (respectivamente geodésicas).
		</para>

		<itemizedlist>
			<listitem id="stbox">
				<indexterm><primary><varname>stbox</varname></primary></indexterm>
				<para>Constructor para <varname>stbox</varname></para>
				<para><varname>stbox(float,float,float,float,integer): stbox</varname></para>
				<para><varname>stbox(float,float,float,float,float,float,integer): stbox</varname></para>
				<para><varname>stbox(float,float,float,timestamptz,float,float,float,timestamptz,integer): stbox</varname></para>
				<para><varname>stboxt(timestamptz,timestamptz,integer): stbox</varname></para>
				<para><varname>stbox(float,float,timestamptz,float,float,timestamptz,integer): stbox</varname></para>
				<para><varname>stbox(geo, {timestamp,period}): stbox</varname></para>
				<programlisting xml:space="preserve">
-- Sólo dimensión de valores con coordenadas X e Y
SELECT stbox(1.0, 2.0, 1.0, 2.0);
-- Sólo dimensión de valores con coordenadas X, Y y Z
SELECT stbox(1.0, 2.0, 3.0, 1.0, 2.0, 3.0);
-- Sólo dimensión de valores con coordenadas X, Y y Z con SRID
SELECT stbox(1.0, 2.0, 3.0, 1.0, 2.0, 3.0);
-- Dimensiones de valor (con coordenadas X e Y) y de tiempo
SELECT stboxt(1.0, 2.0, '2001-01-03', 1.0, 2.0, '2001-01-03');
-- Dimensiones de valor (con coordenadas X, Y y Z) y de tiempo
SELECT stbox(1.0, 2.0, 3.0, '2001-01-04', 1.0, 2.0, 3.0, '2001-01-04');
-- Sólo dimensión de tiempo
SELECT stboxt('2001-01-03', '2001-01-03');
-- Sólo dimensión de valores con coordenadas geodéticas X, Y y Z
SELECT geodstbox(1.0, 2.0, 3.0, 1.0, 2.0, 3.0);
-- Dimensiones de valor (con coordenadas geodéticas X, Y y Z) y de tiempo
SELECT geodstbox(1.0, 2.0, 3.0, '2001-01-04', 1.0, 2.0, 3.0, '2001-01-03');
-- Sólo dimensión de tiempo para cuadro geodético
SELECT geodstboxt('2001-01-03', '2001-01-03');
SELECT stbox(geometry 'Linestring(1 1 1,2 2 2)', period '[2012-01-03, 2012-01-05]');
-- "STBOX ZT((1,1,1,2012-01-03),(2,2,2,2012-01-05))"
SELECT stbox(geography 'Linestring(1 1 1,2 2 2)', period '[2012-01-03, 2012-01-05]');
-- "GEODSTBOX T((0.99878198,0.017449748,0.017452406,2012-01-03),
(0.99969542,0.034878239,0.034899499,2012-01-05))"
</programlisting>
			</listitem>
		</itemizedlist>
	</sect1>

	<sect1 id="casting_box_types">
		<title>Conversiones de tipo</title>

		<itemizedlist>
			<listitem id="tbox_cast_to">
				<indexterm><primary><varname>::</varname></primary></indexterm>
				<para>Convertir un <varname>tbox</varname> a otro tipo</para>
				<para><varname>tbox::{floatrange,period}</varname></para>
				<programlisting xml:space="preserve">
SELECT tbox 'TBOX((1,2000-01-01),(2,2000-01-02))'::floatrange;
-- "[1,2]"
SELECT tbox 'TBOX((1,2000-01-01),(2,2000-01-02))'::period;
-- "[2000-01-01, 2000-01-02]"
</programlisting>
			</listitem>

			<listitem id="tbox_cast_from">
				<indexterm><primary><varname>::</varname></primary></indexterm>
				<para>Convertir otro tipo a un <varname>tbox</varname></para>
				<para><varname>{integer,float,numeric,intrange,floatrange}::tbox</varname>,</para>
				<para><varname>{timestamptz,timestampset,period,periodset,tint,tfloat}::tbox</varname></para>
				<programlisting xml:space="preserve">
SELECT floatrange '(1.0, 2.0)'::tbox;
-- "TBOX((1,),(2,))"
SELECT periodset '{(2001-01-01,2001-01-02), (2001-01-03,2001-01-04)}'::tbox;
-- "TBOX((,2001-01-01),(,2001-01-04))"
</programlisting>
			</listitem>

			<listitem id="stbox_cast_to">
				<indexterm><primary><varname>::</varname></primary></indexterm>
				<para>Convertir un <varname>stbox</varname> a otro tipo</para>
				<para><varname>stbox::{period,box2d,box3d,geometry}</varname></para>
				<programlisting xml:space="preserve">
SELECT stbox 'STBOX T((1.0, 2.0, 2001-01-01), (3.0, 4.0, 2001-01-03))'::period;
-- "[2000-01-01, 2000-01-03]"
SELECT stbox 'STBOX Z((1 1 1),(3 3 3))'::box2d;
-- "BOX(1 1,3 3)"
SELECT stbox 'STBOX Z((1 1 1),(3 3 3))'::box3d;
-- "BOX3D(1 1 1,3 3 3)"
SELECT ST_AsEWKT(stbox 'SRID=4326;STBOX T((1,1,2000-01-01),(5,5,2000-01-05))'::geometry);
-- SRID=4326;POLYGON((1 1,1 5,5 5,5 1,1 1))
SELECT ST_AsEWKT(stbox 'SRID=4326;STBOX T((1,1,2000-01-01),(1,5,2000-01-05))'::geometry);
-- SRID=4326;LINESTRING(1 1,1 5)
SELECT ST_AsEWKT(stbox 'SRID=4326;STBOX T((1,1,2000-01-01),(1,1,2000-01-05))'::geometry);
-- SRID=4326;POINT(1 1)
SELECT ST_AsEWKT(stbox 'SRID=4326;STBOX ZT((1,1,1,2000-01-01),(5,5,5,2000-01-05))'::
  geometry);
-- SRID=4326;POLYHEDRALSURFACE(((1 1 1,1 5 1,5 5 1,5 1 1,1 1 1)),
  ((1 1 5,5 1 5,5 5 5,1 5 5,1 1 5)),((1 1 1,1 1 5,1 5 5,1 5 1,1 1 1)),
  ((5 1 1,5 5 1,5 5 5,5 1 5,5 1 1)),((1 1 1,5 1 1,5 1 5,1 1 5,1 1 1)),
  ((1 5 1,1 5 5,5 5 5,5 5 1,1 5 1)))
</programlisting>
			</listitem>

			<listitem id="stbox_cast_from">
				<indexterm><primary><varname>::</varname></primary></indexterm>
				<para>Convertir otro tipo a un <varname>stbox</varname></para>
				<para><varname>{geometry,geography,box2d,box3d}::stbox</varname></para>
				<para><varname>{timestamptz,timestampset,period,periodset,tgeompoint,tgeogpoint}::stbox</varname></para>
				<programlisting xml:space="preserve">
SELECT geometry 'Linestring(1 1,2 2)'::stbox;
-- "STBOX((1,1),(2,2))"
SELECT periodset '{(2001-01-01,2001-01-02), (2001-01-03,2001-01-04)}'::stbox;
-- "STBOX T((,,2001-01-01),(,,2001-01-04))"
</programlisting>
			</listitem>
		</itemizedlist>
	</sect1>

	<sect1 id="accessor_box_types">
		<title>Funciones de accesor</title>

		<itemizedlist>
			<listitem id="hasX">
				<indexterm><primary><varname>hasX</varname></primary></indexterm>
				<para>¿Tiene dimension X?</para>
				<para><varname>hasX(box): boolean</varname></para>
				<programlisting xml:space="preserve">
SELECT hasX(tbox 'TBOX((, 2000-01-01), (, 2000-01-03))');
-- false
SELECT hasX(stbox 'STBOX((1.0, 2.0), (3.0, 4.0))');
-- true
</programlisting>
			</listitem>

			<listitem id="hasZ">
				<indexterm><primary><varname>hasZ</varname></primary></indexterm>
				<para>¿Tiene dimension Z?</para>
				<para><varname>hasZ(stbox): boolean</varname></para>
				<programlisting xml:space="preserve">
SELECT hasZ(stbox 'STBOX((1.0, 2.0), (3.0, 4.0))');
-- false
</programlisting>
			</listitem>

			<listitem id="hasT">
				<indexterm><primary><varname>hasT</varname></primary></indexterm>
				<para>¿Tiene dimension T?</para>
				<para><varname>hasT(box): boolean</varname></para>
				<programlisting xml:space="preserve">
SELECT hasT(tbox 'TBOX((1.0, 2000-01-01), (3.0, 2000-01-03))');
-- true
SELECT hasT(stbox 'STBOX((1.0, 2.0), (3.0, 4.0))');
-- false
</programlisting>
			</listitem>

			<listitem id="Xmin">
				<indexterm><primary><varname>Xmin</varname></primary></indexterm>
				<para>Obtener el valor mínimo de X</para>
				<para><varname>Xmin(box): float</varname></para>
				<programlisting xml:space="preserve">
SELECT Xmin(tbox 'TBOX((1.0, 2000-01-01), (3.0, 2000-01-03))');
-- 1
SELECT Xmin(stbox 'STBOX((1.0, 2.0), (3.0, 4.0))');
-- 1
</programlisting>
			</listitem>

			<listitem id="Xmax">
				<indexterm><primary><varname>Xmax</varname></primary></indexterm>
				<para>Obtener el valor máximo de X</para>
				<para><varname>Xmax(box): float</varname></para>
				<programlisting xml:space="preserve">
SELECT Xmax(tbox 'TBOX((1.0, 2000-01-01), (3.0, 2000-01-03))');
-- 3
SELECT Xmax(stbox 'STBOX((1.0, 2.0), (3.0, 4.0))');
-- 3
</programlisting>
			</listitem>

			<listitem id="Ymin">
				<indexterm><primary><varname>Ymin</varname></primary></indexterm>
				<para>Obtener el valor mínimo de Y</para>
				<para><varname>Ymin(stbox): float</varname></para>
				<programlisting xml:space="preserve">
SELECT Ymin(stbox 'STBOX((1.0, 2.0), (3.0, 4.0))');
-- 2
</programlisting>
			</listitem>

			<listitem id="Ymax">
				<indexterm><primary><varname>Ymax</varname></primary></indexterm>
				<para>Obtener el valor máximo de Y</para>
				<para><varname>Ymax(stbox): float</varname></para>
				<programlisting xml:space="preserve">
SELECT Ymax(stbox 'STBOX((1.0, 2.0), (3.0, 4.0))');
-- 4
</programlisting>
			</listitem>

			<listitem id="Zmin">
				<indexterm><primary><varname>Zmin</varname></primary></indexterm>
				<para>Obtener el valor mínimo de Z</para>
				<para><varname>Zmin(stbox): float</varname></para>
				<programlisting xml:space="preserve">
SELECT Zmin(stbox 'STBOX Z((1.0, 2.0, 3.0), (4.0, 5.0, 6.0))');
-- 3
</programlisting>
			</listitem>

			<listitem id="Zmax">
				<indexterm><primary><varname>Zmax</varname></primary></indexterm>
				<para>Obtener el valor máximo de Z</para>
				<para><varname>Zmax(stbox): float</varname></para>
				<programlisting xml:space="preserve">
SELECT Zmax(stbox 'STBOX Z((1.0, 2.0, 3.0), (4.0, 5.0, 6.0))');
-- 6
</programlisting>
			</listitem>

			<listitem id="Tmin">
				<indexterm><primary><varname>Tmin</varname></primary></indexterm>
				<para>Obtener el valor mínimo de T</para>
				<para><varname>Tmin(box): timestamptz</varname></para>
				<programlisting xml:space="preserve">
SELECT Tmin(stbox 'GEODSTBOX T(( , , 2001-01-01), ( , , 2001-01-03))');
-- "2001-01-01"
</programlisting>
			</listitem>

			<listitem id="Tmax">
				<indexterm><primary><varname>Tmax</varname></primary></indexterm>
				<para>Obtener el valor máximo de T</para>
				<para><varname>Tmax(box): timestamptz</varname></para>
				<programlisting xml:space="preserve">
SELECT Tmax(stbox 'GEODSTBOX T(( , , 2001-01-01), ( , , 2001-01-03))');
-- "2001-01-03"
</programlisting>
			</listitem>
		</itemizedlist>
	</sect1>

	<sect1 id ="modification_box_tyes">
			<title>Funciones de modificación</title>

			<para>
				Las funciones dadas a continuación expanden los cuadros delimitadores en la dimensión de valor y de tiempo o establecen la precisión de la dimensión de valor. Estas funciones generan un error si la dimensión correspondiente no está presente.
			</para>
			<itemizedlist>
				<listitem id="expandValue">
					<indexterm><primary><varname>expandValue</varname></primary></indexterm>
					<para>Extender la dimensión de valor numérico del cuadro delimitador con un valor flotante</para>
					<para><varname>expandValue(tbox,float): tbox</varname></para>
					<programlisting xml:space="preserve">
SELECT expandValue(tbox 'TBOX((1,2012-01-01),(2,2012-01-03))', 1);
-- "TBOX((0,2012-01-01),(3,2012-01-03))"
SELECT expandValue(tbox 'TBOX((,2012-01-01),(,2012-01-03))', 1);
-- The box must have value dimension
</programlisting>
				</listitem>

				<listitem id="expandSpatial">
					<indexterm><primary><varname>expandSpatial</varname></primary></indexterm>
					<para>Extender la dimensión de valor espacial del cuadro delimitador con un valor flotante</para>
					<para><varname>expandSpatial(stbox,float): stbox</varname></para>
					<programlisting xml:space="preserve">
SELECT expandSpatial(stbox 'STBOX ZT((1,1,1,2012-01-01),(2,2,2,2012-01-03))', 1);
-- "STBOX ZT((0,0,0,2012-01-01),(3,3,3,2012-01-03))"
SELECT expandSpatial(stbox 'STBOX T((,2012-01-01),(,2012-01-03))', 1);
-- The box must have XY dimension
</programlisting>
				</listitem>

				<listitem id="expandTemporal">
					<indexterm><primary><varname>expandTemporal</varname></primary></indexterm>
					<para>Extender la dimensión temporal del cuadro delimitador con un intervalo de tiempo</para>
					<para><varname>expandTemporal(box,interval): box</varname></para>
					<programlisting xml:space="preserve">
SELECT expandTemporal(tbox 'TBOX((1,2012-01-01),(2,2012-01-03))', interval '1 day');
-- "TBOX((1,2011-12-31),(2,2012-01-04))"
SELECT expandTemporal(stbox 'STBOX ZT((1,1,1,2012-01-01),(2,2,2,2012-01-03))',
  interval '1 day');
-- "STBOX ZT((1,1,1,2011-12-31),(2,2,2,2012-01-04))"
</programlisting>
				</listitem>

				<listitem id="box_round">
					<indexterm><primary><varname>round</varname></primary></indexterm>
					<para>Redondear el valor o las coordenadas del cuadro delimitador a un número de decimales</para>
					<para><varname>round(box,integer): box</varname></para>
					<programlisting xml:space="preserve">
SELECT round(tbox 'TBOX((1.12345, 2000-01-01), (2.12345, 2000-01-02))', 2);
-- "TBOX((1.12,2000-01-01),(2.12,2000-01-02))"
SELECT round(stbox 'STBOX T((1.12345, 1.12345, 2000-01-01),
  (2.12345, 2.12345, 2000-01-02))', 2);
-- "STBOX T((1.12,1.12,2000-01-01),(2.12,2.12,2000-01-02))"
</programlisting>
				</listitem>

			</itemizedlist>
		</sect1>

	<sect1 id ="srid_box_tyes">
		<title>Funciones del sistema de referencia espacial</title>

		<itemizedlist>
			<listitem id="stbox_SRID">
				<indexterm><primary><varname>SRID</varname></primary></indexterm>
				<para>Obtener el identificador de referencia espacial</para>
				<para><varname>SRID(stbox): integer</varname></para>
				<programlisting xml:space="preserve">
SELECT SRID(stbox 'STBOX ZT((1.0, 2.0, 3.0, 2000-01-01), (4.0, 5.0, 6.0, 2000-01-02))');
-- 0
SELECT SRID(stbox 'SRID=5676;STBOX T((1.0, 2.0, 2000-01-01), (4.0, 5.0, 2000-01-02))');
-- 5676
SELECT SRID(geodstbox 'GEODSTBOX T((, , 2000-01-01), (, , 2000-01-02))');
-- 4326
</programlisting>
			</listitem>

			<listitem id="stbox_setSRID">
				<indexterm><primary><varname>setSRID</varname></primary></indexterm>
				<para>Especificar el identificador de referencia espacial</para>
				<para><varname>setSRID(stbox): stbox</varname></para>
				<programlisting xml:space="preserve">
SELECT setSRID(stbox 'STBOX ZT((1.0, 2.0, 3.0, 2000-01-01),
  (4.0, 5.0, 6.0, 2000-01-02))', 5676);
-- "SRID=5676;STBOX ZT((1,2,3,2000-01-01),(4,5,6,2000-01-02))"
</programlisting>
				</listitem>

			<listitem id="stbox_transform">
				<indexterm><primary><varname>transform</varname></primary></indexterm>
				<para>Transformar a una referencia espacial diferente</para>
				<para><varname>transform(stbox,integer): stbox</varname></para>
				<programlisting xml:space="preserve">
SELECT transform(stbox 'SRID=4326;STBOX T((2.340088, 49.400250, 2000-01-01),
  (6.575317, 51.553167, 2000-01-02))', 3812);
-- "SRID=3812;STBOX T((502773.429980817,511805.120401577,2000-01-01),
  (803028.908264815,751590.742628986,2000-01-02))"
</programlisting>
			</listitem>
		</itemizedlist>
	</sect1>

	<sect1>
		<title>Funciones aggregadas</title>

		<itemizedlist>
			<listitem id="box_extent">
				<indexterm><primary><varname>extent</varname></primary></indexterm>
				<para>Extensión del cuadro delimitador</para>
				<para><varname>extent(box): box</varname></para>
				<programlisting xml:space="preserve">
WITH boxes(b) AS (
  SELECT tbox 'TBOX((1, 2000-01-01),(3, 2000-01-03))' UNION
  SELECT tbox 'TBOX((5, 2000-01-05),(7, 2000-01-07))' UNION
  SELECT tbox 'TBOX((6, 2000-01-06),(8, 2000-01-08))'
)
SELECT extent(b) FROM boxes;
-- TBOX((1,2000-01-01 00:00:00+01),(8,2000-01-08 00:00:00+01))
WITH boxes(b) AS (
  SELECT stbox 'STBOX Z((1, 1, 1),(3, 3, 3))' UNION
  SELECT stbox 'STBOX Z((5, 5, 5),(7, 7, 7))' UNION
  SELECT stbox 'STBOX Z((6, 6, 6),(8, 8, 8))'
)
SELECT extent(b) FROM boxes;
-- STBOX Z((1,1,1),(8,8,8))
</programlisting>
			</listitem>
		</itemizedlist>
	</sect1>

	<sect1 id="comparison_box_types">
		<title>Operadores de comparación</title>

		<para>Los operadores de comparación tradicionales (<varname>=</varname>, <varname>&lt;</varname>, etc.) se pueden aplicar a tipos de cuadro delimitador. Exceptuando la igualdad y la no igualdad, los otros operadores de comparación no son útiles en el mundo real pero permiten construir índices de árbol B en tipos de cuadro delimitador. Estos operadores comparan primero los valores de tiempo y, si son iguales, comparan los valores.</para>

		<itemizedlist>
			<listitem id="box_eq">
				<indexterm><primary><varname>=</varname></primary></indexterm>
				<para>¿Son iguales los cuadros delimitadores?</para>
				<para><varname>box = box: boolean</varname></para>
				<programlisting xml:space="preserve">
SELECT tbox 'TBOX((1, 2012-01-01), (1, 2012-01-04))' =
  tbox 'TBOX((2, 2012-01-03), (2, 2012-01-05))';
-- false
</programlisting>
			</listitem>

			<listitem id="box_ne">
				<indexterm><primary><varname>&lt;&gt;</varname></primary></indexterm>
				<para>¿Son diferentes los cuadros delimitadores?</para>
				<para><varname>box &lt;&gt; box: boolean</varname></para>
				<programlisting xml:space="preserve">
SELECT tbox 'TBOX((1, 2012-01-01), (1, 2012-01-04))' &lt;&gt;
  tbox 'TBOX((2, 2012-01-03), (2, 2012-01-05))'
-- true
</programlisting>
			</listitem>

			<listitem id="box_lt">
				<indexterm><primary><varname>&lt;</varname></primary></indexterm>
				<para>¿Es el primer cuadro delimitador menor que el segundo?</para>
				<para><varname>box &lt; box: boolean</varname></para>
				<programlisting xml:space="preserve">
SELECT tbox 'TBOX((1, 2012-01-01), (1, 2012-01-04))' &lt;
  tbox 'TBOX((1, 2012-01-03), (2, 2012-01-05))'
-- true
</programlisting>
			</listitem>

			<listitem id="box_gt">
				<indexterm><primary><varname>&gt;</varname></primary></indexterm>
				<para>¿Es el primer cuadro delimitador mayor que el segundo?</para>
				<para><varname>box &gt; box: boolean</varname></para>
				<programlisting xml:space="preserve">
SELECT tbox 'TBOX((1, 2012-01-03), (1, 2012-01-04))' &gt;
  tbox 'TBOX((1, 2012-01-01), (2, 2012-01-05))'
-- true
</programlisting>
			</listitem>

			<listitem id="box_le">
				<indexterm><primary><varname>&lt;=</varname></primary></indexterm>
				<para>¿Es el primer cuadro delimitador menor o igual que el segundo?</para>
				<para><varname>box &lt;= box: boolean</varname></para>
				<programlisting xml:space="preserve">
SELECT tbox 'TBOX((1, 2012-01-01), (1, 2012-01-04))' &lt;=
  tbox 'TBOX((2, 2012-01-03), (2, 2012-01-05))'
-- true
</programlisting>
			</listitem>

			<listitem id="box_ge">
				<indexterm><primary><varname>&gt;=</varname></primary></indexterm>
				<para>¿Es el primer cuadro delimitador mayor o igual que el segundo?</para>
				<para><varname>box &gt;= box: boolean</varname></para>
				<programlisting xml:space="preserve">
SELECT tbox 'TBOX((1, 2012-01-01), (1, 2012-01-04))' &gt;=
  tbox 'TBOX((2, 2012-01-03), (2, 2012-01-05))'
-- false
</programlisting>
			</listitem>
		</itemizedlist>
	</sect1>

	<sect1 id="set_box_types">
		<title>Operadores de conjuntos</title>

		<para>Los operadores de conjuntos para los tipos de cuadro delimitador son la unión (<varname>+</varname>) y la intersección (<varname>*</varname>). En el caso de la unión, los operandos deben tener exactamente las mismas dimensiones, de lo contrario se genera un error. Además, si los operandos no se superponen en todas las dimensiones se genera un error, ya que esto daría como resultado una caja con valores disjuntos, que no se puede representar. El operador calcula la unión en todas las dimensiones que están presentes en ambos argumentos. En el caso de intersección, los operandos deben tener al menos una dimensión común, de lo contrario se genera un error. El operador calcula la intersección en todas las dimensiones que están presentes en ambos argumentos.</para>

		<itemizedlist>
			<listitem id="box_union">
				<indexterm><primary><varname>+</varname></primary></indexterm>
				<para>Unión de los cuadros delimitadores</para>
				<para><varname>box + box: box</varname></para>
				<programlisting xml:space="preserve">
SELECT tbox 'TBOX((1,2001-01-01),(3,2001-01-03))' +
  tbox 'TBOX((2,2001-01-02),(4,2001-01-04))';
-- "TBOX((1,2001-01-01),(4,2001-01-04))"
SELECT stbox 'STBOX ZT((1,1,1,2001-01-01),(2,2,2,2001-01-02))' +
  stbox 'STBOX T((2,2,2001-01-01),(3,3,2001-01-03))';
-- ERROR:  Boxes must be of the same dimensionality
SELECT tbox 'TBOX((1,2001-01-01),(3,2001-01-02))' +
  tbox 'TBOX((2,2001-01-03),(4,2001-01-04))';
-- ERROR:  Result of box union would not be contiguous
</programlisting>
			</listitem>

			<listitem id="box_intersection">
				<indexterm><primary><varname>*</varname></primary></indexterm>
				<para>Intersección de los cuadros delimitadores</para>
				<para><varname>box * box: box</varname></para>
				<programlisting xml:space="preserve">
SELECT tbox 'TBOX((1,2001-01-01),(3,2001-01-03))' *
  tbox 'TBOX((,2001-01-02),(,2001-01-04))';
-- "TBOX((,2001-01-02),(,2001-01-03))"
SELECT stbox 'STBOX ZT((1,1,1,2001-01-01),(3,3,3,2001-01-02))' *
  stbox 'STBOX((2,2),(4,4))';
-- "STBOX((2,2),(3,3))"
</programlisting>
			</listitem>
		</itemizedlist>
	</sect1>

	<sect1 id="box_topo_operators">
		<title>Operadores topológicos</title>

		<para>Hay cinco operadores topológicos: superposición (<varname>&amp;&amp;</varname>), contiene (<varname>@&gt;</varname>), es contenido (<varname>&lt;@</varname>), mismo (<varname>~=</varname>) y adyacente (<varname>-|-</varname>). Los operadores verifican la relación topológica entre los cuadros delimitadores teniendo en cuenta la dimensión de valor y/o de tiempo para todas las dimensiones que estén presentes en ambos argumentos.</para>

		<para>Los operadores topológicos para los cuadros delimitadores se dan a continuación.</para>

		<itemizedlist>
			<listitem id="box_overlap">
				<indexterm><primary><varname>&amp;&amp;</varname></primary></indexterm>
				<para>¿Se superponen los cuadros delimitadores?</para>
				<para><varname>box &amp;&amp; box: boolean</varname></para>
				<programlisting xml:space="preserve">
SELECT tbox 'TBOX((1,2001-01-01),(3,2001-01-03))' &amp;&amp;
  tbox 'TBOX((2,2001-01-02),(4,2001-01-04))';
-- true
SELECT stbox 'STBOX T((1,1,2001-01-01),(2,2,2001-01-02))'&amp;&amp;
  stbox 'STBOX T((,2001-01-02),(,2001-01-02))';
-- true
</programlisting>
			</listitem>

			<listitem id="box_contains">
				<indexterm><primary><varname>@&gt;</varname></primary></indexterm>
				<para>¿Contiene el primer cuadro delimitador el segundo?</para>
				<para><varname>box @&gt; box: boolean</varname></para>
				<programlisting xml:space="preserve">
SELECT tbox 'TBOX((1,2001-01-01),(4,2001-01-04))' @&gt;
  tbox 'TBOX((2,2001-01-01),(3,2001-01-02))';
-- true
SELECT stbox 'STBOX Z((1,1,1),(3,3,3))' @&gt;
  stbox 'STBOX T((1,1,2001-01-01),(2,2,2001-01-02))';
-- true
</programlisting>
			</listitem>

			<listitem id="box_containedby">
				<indexterm><primary><varname>&lt;@</varname></primary></indexterm>
				<para>¿Está el primer cuadro delimitador contenido en el segundo?</para>
				<para><varname>box &lt;@ box: boolean</varname></para>
				<programlisting xml:space="preserve">
SELECT tbox 'TBOX((1,2001-01-01),(2,2001-01-02))' &lt;@
  tbox 'TBOX((1,2001-01-01),(2,2001-01-02))';
-- true
SELECT stbox 'STBOX T((1,1,2001-01-01),(2,2,2001-01-02))' &lt;@
  stbox 'STBOX ZT((1,1,1,2001-01-01),(2,2,2,2001-01-02))';
-- true
</programlisting>
			</listitem>

			<listitem id="box_same">
				<indexterm><primary><varname>~=</varname></primary></indexterm>
				<para>¿Son los cuadros delimitadores iguales en sus dimensiones comunes?</para>
				<para><varname>box ~= box: boolean</varname></para>
				<programlisting xml:space="preserve">
SELECT tbox 'TBOX((1,2001-01-01),(2,2001-01-02))' ~=
  tbox 'TBOX((,2001-01-01),(,2001-01-02))';
-- true
SELECT stbox 'STBOX T((1,1,2001-01-01),(3,3,2001-01-03))' ~=
  stbox 'STBOX Z((1,1,1),(3,3,3))';
-- true
</programlisting>
			</listitem>

			<listitem id="box_adjacent">
				<indexterm><primary><varname>-|-</varname></primary></indexterm>
				<para>¿Son los cuadros delimitadores adyacentes?</para>
				<para><varname>box -|- box: boolean</varname></para>
				<para>Dos cuadros delimitadores son adyacentes si comparten  <emphasis>n</emphasis> dimensiones y si su intersección tiene como máximo <emphasis>n</emphasis>-1 dimensiones.</para>
				<programlisting xml:space="preserve">
SELECT tbox 'TBOX((1,2001-01-01),(2,2001-01-02))' -|-
  tbox 'TBOX((,2001-01-02),(,2001-01-03))';
-- true
SELECT stbox 'STBOX T((1,1,2001-01-01),(3,3,2001-01-03))' -|-
  stbox 'STBOX T((2,2,2001-01-03),(4,4,2001-01-04))';
-- true
</programlisting>
			</listitem>
		</itemizedlist>
	</sect1>

	<sect1 id="box_relpos_operators">
		<title>Operadores de posición relativa</title>

		<para>Estos operadores consideran la posición relativa de los cuadros delimitadores. Los operadores <varname>&lt;&lt;</varname>, <varname>&gt;&gt;</varname>, <varname>&amp;&lt;</varname> y <varname>&amp;&gt;</varname> consideran el valor X para el tipo <varname>tbox</varname> y las coordenadas X para el tipo <varname>stbox</varname>, los operadores <varname>&lt;&lt;|</varname>, <varname>|&gt;&gt;</varname>, <varname>&amp;&lt;|</varname> y <varname>|&amp;&gt;</varname> consideran las coordenadas Y para el tipo <varname>stbox</varname>, los operadores <varname>&lt;&lt;/</varname>, <varname>/&gt;&gt;</varname>, <varname>&amp;&lt;/</varname> y <varname>/&amp;&gt;</varname> consideran las coordenadas Z para el tipo <varname>stbox</varname> y los operadores <varname>&lt;&lt;#</varname>, <varname>#&gt;&gt;</varname>, <varname>#&amp;&lt;</varname> y <varname>#&amp;&gt;</varname> consideran la dimensión de tiempo para los tipos <varname>tbox</varname> y <varname>stbox</varname>. Los operadores generan un error si ambos cuadros delimitadores no tienen la dimensión requerida.</para>

		<para>Los operadores para la dimensión de valor numérico del tipo  <varname>tbox</varname> se dan a continuación.</para>

		<itemizedlist>
			<listitem id="tbox_left">
				<indexterm><primary><varname>&lt;&lt;</varname></primary></indexterm>
				<para>¿Son los valores X del primer cuadro delimitador estrictamente menores que los del segundo?</para>
				<para><varname>tbox &lt;&lt; tbox: boolean</varname></para>
				<programlisting xml:space="preserve">
SELECT tbox 'TBOX((1,2012-01-01),(2,2012-01-02))' &lt;&lt;
  tbox 'TBOX((3,2012-01-03),(4,2012-01-04))';
-- true
SELECT tbox 'TBOX((1,2012-01-01),(2,2012-01-02))' &lt;&lt;
  tbox 'TBOX((,2012-01-03),(,2012-01-04))';
-- ERROR:  Boxes must have X dimension
</programlisting>
			</listitem>

			<listitem id="tbox_right">
				<indexterm><primary><varname>&gt;&gt;</varname></primary></indexterm>
				<para>¿Son los valores X del primer cuadro delimitador estrictamente mayores que los del segundo?</para>
				<para><varname>tbox &gt;&gt; tbox: boolean</varname></para>
				<programlisting xml:space="preserve">
SELECT tbox 'TBOX((3,2012-01-03),(4,2012-01-04))' &gt;&gt;
  tbox 'TBOX((1,2012-01-01),(2,2012-01-02))';
-- true
</programlisting>
			</listitem>

			<listitem id="tbox_overleft">
				<indexterm><primary><varname>&amp;&lt;</varname></primary></indexterm>
				<para>¿No son los valores X del primer cuadro delimitador mayores que los del segundo?</para>
				<para><varname>tbox &amp;&lt; tbox: boolean</varname></para>
				<programlisting xml:space="preserve">
SELECT tbox 'TBOX((1,2012-01-01),(4,2012-01-04))' &amp;&lt;
  tbox 'TBOX((3,2012-01-03),(4,2012-01-04))';
-- true
</programlisting>
			</listitem>

			<listitem id="tbox_overright">
				<indexterm><primary><varname>&amp;&gt;</varname></primary></indexterm>
				<para>¿No son los valores X del primer cuadro delimitador menores que los del segundo?</para>
				<para><varname>tbox &amp;&gt; tbox: boolean</varname></para>
				<programlisting xml:space="preserve">
SELECT tbox 'TBOX((1,2012-01-01),(2,2012-01-02))' &amp;&gt;
  tbox 'TBOX((1,2012-01-01),(4,2012-01-04))';
-- true
</programlisting>
			</listitem>
		</itemizedlist>
		<para>Los operadores para la dimensión de valor espacial del tipo <varname>stbox</varname> se dan a continuación. </para>

		<itemizedlist>
			<listitem id="stbox_left">
				<indexterm><primary><varname>&lt;&lt;</varname></primary></indexterm>
				<para>¿Están los valores X del primer cuadro delimitador estrictamente a la izquierda de los del segundo?</para>
				<para><varname>stbox &lt;&lt; stbox: boolean</varname></para>
				<programlisting xml:space="preserve">
SELECT stbox 'STBOX Z((1,1,1),(2,2,2))' &lt;&lt; stbox 'STBOX Z((3,3,3),(4,4,4))';
-- true
</programlisting>
			</listitem>

			<listitem id="stbox_right">
				<indexterm><primary><varname>&gt;&gt;</varname></primary></indexterm>
				<para>¿Están los valores X del primer cuadro delimitador estrictamente a la derecha de los del segundo?</para>
				<para><varname>stbox &gt;&gt; stbox: boolean</varname></para>
				<programlisting xml:space="preserve">
SELECT stbox 'STBOX Z((3,3,3),(4,4,4))' &gt;&gt; stbox 'STBOX Z((1,1,1),(2,2,2))';
-- true
</programlisting>
			</listitem>

			<listitem id="stbox_overleft">
				<indexterm><primary><varname>&amp;&lt;</varname></primary></indexterm>
				<para>¿No están los valores X del primer cuadro delimitador a la derecha de los del segundo?</para>
				<para><varname>stbox &amp;&lt; stbox: boolean</varname></para>
				<programlisting xml:space="preserve">
SELECT stbox 'STBOX Z((1,1,1),(4,4,4))' &amp;&lt; stbox 'STBOX Z((3,3,3),(4,4,4))';
-- true
</programlisting>
			</listitem>

			<listitem id="stbox_overright">
				<indexterm><primary><varname>&amp;&gt;</varname></primary></indexterm>
				<para>¿No están los valores X del primer cuadro delimitador a la izquierda de los del segundo?</para>
				<para><varname>stbox &amp;&gt; stbox: boolean</varname></para>
				<programlisting xml:space="preserve">
SELECT stbox 'STBOX Z((3,3,3),(4,4,4))' &amp;&gt; stbox 'STBOX Z((1,1,1),(2,2,2))';
-- true
</programlisting>
			</listitem>

			<listitem id="stbox_below">
				<indexterm><primary><varname>&lt;&lt;|</varname></primary></indexterm>
				<para>¿Están los valores de Y del primer cuadro delimitador estrictamente debajo de los del segundo?</para>
				<para><varname>stbox &lt;&lt;| stbox: boolean</varname></para>
				<programlisting xml:space="preserve">
SELECT stbox 'STBOX Z((1,1,1),(2,2,2))' &lt;&lt;| stbox 'STBOX Z((3,3,3),(4,4,4))';
-- true
</programlisting>
			</listitem>

			<listitem id="stbox_above">
				<indexterm><primary><varname>|&gt;&gt;</varname></primary></indexterm>
				<para>¿Están los valores de Y del primer cuadro delimitador estrictamente arriba de los del segundo?</para>
				<para><varname>stbox |&gt;&gt; stbox: boolean</varname></para>
				<programlisting xml:space="preserve">
SELECT stbox 'STBOX Z((3,3,3),(4,4,4))' |&gt;&gt; stbox 'STBOX Z((1,1,1),(2,2,2))';
-- true
</programlisting>
			</listitem>

			<listitem id="stbox_overbelow">
				<indexterm><primary><varname>&amp;&lt;|</varname></primary></indexterm>
				<para>¿No están los valores de Y del primer cuadro delimitador  arriba de los del segundo?</para>
				<para><varname>stbox &amp;&lt;| stbox: boolean</varname></para>
				<programlisting xml:space="preserve">
SELECT stbox 'STBOX Z((1,1,1),(4,4,4))' &amp;&lt;| stbox 'STBOX Z((3,3,3),(4,4,4))';
-- true
</programlisting>
			</listitem>

			<listitem id="stbox_overabove">
				<indexterm><primary><varname>|&amp;&gt;</varname></primary></indexterm>
				<para>¿No están los valores de Y del primer cuadro delimitador debajo de los del segundo?</para>
				<para><varname>stbox |&amp;&gt; stbox: boolean</varname></para>
				<programlisting xml:space="preserve">
SELECT stbox 'STBOX Z((3,3,3),(4,4,4))' |&amp;&gt; stbox 'STBOX Z((1,1,1),(2,2,2))';
-- false
</programlisting>
			</listitem>

			<listitem id="stbox_front">
				<indexterm><primary><varname>&lt;&lt;/</varname></primary></indexterm>
				<para>¿Están los valores Z del primer cuadro delimitador estrictamente delante de los del segundo?</para>
				<para><varname>stbox &lt;&lt;/ stbox: boolean</varname></para>
				<programlisting xml:space="preserve">
SELECT stbox 'STBOX Z((1,1,1),(2,2,2))' &lt;&lt;/ stbox 'STBOX Z((3,3,3),(4,4,4))';
</programlisting>
			</listitem>

			<listitem id="stbox_back">
				<indexterm><primary><varname>/&gt;&gt;</varname></primary></indexterm>
				<para>¿Están los valores Z del primer cuadro delimitador estrictamente detrás de los del segundo?</para>
				<para><varname>stbox /&gt;&gt; stbox: boolean</varname></para>
				<programlisting xml:space="preserve">
SELECT stbox 'STBOX Z((3,3,3),(4,4,4))' /&gt;&gt; stbox 'STBOX Z((1,1,1),(2,2,2))';
-- true
</programlisting>
			</listitem>

			<listitem id="stbox_overfront">
				<indexterm><primary><varname>&amp;&lt;/</varname></primary></indexterm>
				<para>¿No están los valores Z del primer cuadro delimitador detrás de los del segundo?</para>
				<para><varname>stbox &amp;&lt;/ stbox: boolean</varname></para>
				<programlisting xml:space="preserve">
SELECT stbox 'STBOX Z((1,1,1),(4,4,4))' &amp;&lt;/ stbox 'STBOX Z((3,3,3),(4,4,4))';
-- true
</programlisting>
			</listitem>

			<listitem id="stbox_overback">
				<indexterm><primary><varname>/&amp;&gt;</varname></primary></indexterm>
				<para>¿No están los valores Z del primer cuadro delimitador delante de los del segundo?</para>
				<para><varname>stbox /&amp;&gt; stbox: boolean</varname></para>
				<programlisting xml:space="preserve">
SELECT stbox 'STBOX Z((3,3,3),(4,4,4))' /&amp;&gt; stbox 'STBOX Z((1,1,1),(2,2,2))';
-- true
</programlisting>
			</listitem>
		</itemizedlist>

		<para>Los operadores para la dimensión temporal de los tipos <varname>tbox</varname> y <varname>stbox</varname> son los siguientes.</para>
		<itemizedlist>
			<listitem id="box_before">
				<indexterm><primary><varname>&lt;&lt;#</varname></primary></indexterm>
				<para>¿Son los valores de T del primer cuadro delimitador estrictamente anteriores a los del segundo?</para>
				<para><varname>box &lt;&lt;# box: boolean</varname></para>
				<programlisting xml:space="preserve">
SELECT tbox 'TBOX((1,2000-01-01),(2,2000-01-02))' &lt;&lt;#
  tbox 'TBOX((3,2000-01-03),(4,2000-01-04)))';
-- true
</programlisting>
			</listitem>

			<listitem id="box_after">
				<indexterm><primary><varname>#&gt;&gt;</varname></primary></indexterm>
				<para>¿Son los valores de T del primer cuadro delimitador estrictamente posteriores a los del segundo?</para>
				<para><varname>box #&gt;&gt; box: boolean</varname></para>
				<programlisting xml:space="preserve">
SELECT stbox 'STBOX T((3,3,2000-01-03),(4,4,2000-01-04))'  #&gt;&gt;
  stbox 'STBOX T((1,1,2000-01-01),(2,2,2000-01-02))';
-- true
</programlisting>
			</listitem>

			<listitem id="box_overbefore">
				<indexterm><primary><varname>&amp;&lt;#</varname></primary></indexterm>
				<para>¿No son los valores de T del primer cuadro delimitador posteriores a los del segundo?</para>
				<para><varname>box &amp;&lt;# box: boolean</varname></para>
				<programlisting xml:space="preserve">
SELECT tbox 'TBOX((1,2000-01-01),(4,2000-01-04))' &amp;&lt;#
  tbox 'TBOX((3,2000-01-03),(4,2000-01-04)))';
-- true
</programlisting>
			</listitem>

			<listitem id="box_overafter">
				<indexterm><primary><varname>#&amp;&gt;</varname></primary></indexterm>
				<para>¿No son los valores de T del primer cuadro delimitador anteriores a los del segundo?</para>
				<para><varname>box #&amp;&gt; box: boolean</varname></para>
				<programlisting xml:space="preserve">
SELECT stbox 'STBOX T((1,1,2000-01-01),(3,3,2000-01-03))' #&amp;&gt;
  stbox 'STBOX T((3,3,2000-01-03),(4,4,2000-01-04))';
-- true
</programlisting>
			</listitem>
		</itemizedlist>
	</sect1>

	<sect1 id ="indexing_box_types">
		<title>Indexación de los tipos cuadro delimitador</title>
		<para>Se pueden crear índices GiST y SP-GiST para columnas de tablas de los tipos <varname>tbox</varname> y <varname>stbox</varname>. El índice GiST implementa un árbol R, mientras que el índice SP-GiST implementa un árbol cuádruple n-dimensional. Un ejemplo de creación de un índice GiST en una columna <varname>Box</varname> de tipo <varname>stbox</varname> en una tabla <varname>Trips</varname> es el siguiente:
			<programlisting xml:space="preserve">
CREATE TABLE Trips(TripID integer PRIMARY KEY, Trip tgeompoint, Box stbox);
CREATE INDEX Trips_Box_Idx ON Trips USING GIST(Box);
</programlisting>
		</para>
		<para>Un índice GiST o SP-GiST puede acelerar las consultas que involucran a los siguientes operadores: <varname>&amp;&amp;</varname>, <varname>&lt;@</varname>, <varname>@&gt;</varname>, <varname>~=</varname>, <varname>-|-</varname>, <varname>&lt;&lt;</varname>, <varname>&gt;&gt;</varname>, <varname>&amp;&lt;</varname>, <varname>&amp;&gt;</varname>, <varname>&lt;&lt;|</varname>, <varname>|&gt;&gt;</varname>, <varname>&amp;&lt;|</varname>, <varname>|&amp;&gt;</varname>, <varname>&lt;&lt;/</varname>, <varname>/&gt;&gt;</varname>, <varname>&amp;&lt;/</varname>, <varname>/&amp;&gt;</varname>, <varname>&lt;&lt;#</varname>, <varname>#&gt;&gt;</varname>, <varname>&amp;&lt;#</varname> y <varname>#&amp;&gt;</varname>.</para>

		<para>Además, se pueden crear índices de árbol B para columnas de tablas de un tipo cuadro delimitador. Para estos tipos de índices, básicamente la única operación útil es la igualdad. Hay un orden de clasificación de árbol B definido para valores de tipos cuadro delimitador con los correspondientes operadores <varname>&lt;</varname> y <varname>&gt;</varname>, pero el orden es bastante arbitrario y no suele ser útil en el mundo real. El soporte de árbol B está destinado principalmente a permitir la clasificación interna en las consultas, en lugar de la creación de índices reales.</para>
	</sect1>
</chapter>
