<?xml version="1.0" encoding="UTF-8"?>
<!--
   ****************************************************************************
    MobilityDB Manual
    Copyright(c) MobilityDB Contributors

    This documentation is licensed under a Creative Commons Attribution-Share
    Alike 3.0 License: https://creativecommons.org/licenses/by-sa/3.0/
   ****************************************************************************
-->
<!DOCTYPE book PUBLIC "-//OASIS//DTD DocBook XML V4.5//EN"
"http://www.oasis-open.org/docbook/xml/4.5/docbookx.dtd" [

<!ENTITY last_release_version "1.0">

<!ENTITY introduction SYSTEM "introduction.xml">
<!ENTITY time_types_range_types SYSTEM "time_types_range_types.xml">
<!ENTITY temporal_types SYSTEM "temporal_types.xml">
<!ENTITY manipulating_box_types SYSTEM "manipulating_box_types.xml">
<!ENTITY manipulating_temporal_types SYSTEM "manipulating_temporal_types.xml">
<!ENTITY spatial_functions SYSTEM "spatial_functions.xml">
<!ENTITY temporal_network_points SYSTEM "temporal_network_points.xml">
<!ENTITY reference SYSTEM "reference.xml">
<!ENTITY data_generator SYSTEM "data_generator.xml">

<!ENTITY geography_support
"<inlinemediaobject>
	<imageobject><imagedata fileref='images/world.pdf' width='10pt'/></imageobject>
	<imageobject><imagedata fileref='images/world.svg' width='10pt'/></imageobject>
	<imageobject><imagedata fileref='images/world.png' width='10pt'/></imageobject>
</inlinemediaobject>
">

<!ENTITY Z_support
"<inlinemediaobject>
	<imageobject><imagedata fileref='images/cube.pdf' width='10pt'/></imageobject>
	<imageobject><imagedata fileref='images/cube.svg' width='10pt'/></imageobject>
	<imageobject><imagedata fileref='images/cube.png' width='10pt'/></imageobject>
</inlinemediaobject>
">

<!ENTITY SRF
"<inlinemediaobject>
	<imageobject><imagedata fileref='images/srf.pdf' width='10pt'/></imageobject>
	<imageobject><imagedata fileref='images/srf.svg' width='10pt'/></imageobject>
	<imageobject><imagedata fileref='images/srf.png' width='10pt'/></imageobject>
</inlinemediaobject>
">

<!ENTITY python_support
"<inlinemediaobject>
	<imageobject><imagedata fileref='images/python.pdf' width='10pt'/></imageobject>
	<imageobject><imagedata fileref='images/python.svg' width='10pt'/></imageobject>
	<imageobject><imagedata fileref='images/python.png' width='10pt'/></imageobject>
</inlinemediaobject>
">

]>
<book lang="en">
	<bookinfo>
		<title>MobilityDB &last_release_version; User's Manual</title>
		<author>
			<firstname>Esteban</firstname>
			<surname>Zimányi</surname>
			<affiliation>
				<orgname>Université libre de Bruxelles, Belgium</orgname>
			</affiliation>
		</author>

		<pubdate><?dbtimestamp format="Y-m-d"?>.</pubdate>
		<abstract>
			<para>
				MobilityDB is an extension to the <ulink url="https://www.postgresql.org/">PostgreSQL</ulink> database system and its spatial extension <ulink url="http://postgis.net/">PostGIS</ulink>. It allows temporal and spatio-temporal objects to be stored in the database, that is, objects whose attribute values and/or location evolves in time. MobilityDB includes functions for analysis and processing of temporal and spatio-temporal objects and provides support for GiST and SP-GiST indexes. MobilityDB is open source and its code is available on <ulink url="https://github.com/MobilityDB/MobilityDB">Github</ulink>. An adapter for the Python programming language is also available on <ulink url="https://github.com/MobilityDB/python-mobilityDB">Github</ulink>.
			</para>

			<para>
				<inlinemediaobject>
					<imageobject>
						<imagedata fileref='images/mobilitydb-logo.png' width='200pt' />
					</imageobject>
				</inlinemediaobject>
			</para>

			<para>
				MobilityDB is developed by the Computer &amp; Decision Engineering Department of the Université Libre de Bruxelles (ULB) under the direction of Prof. Esteban Zimányi. ULB is an OGC Associate Member and member of the OGC Moving Feature Standard Working Group (<ulink url="https://www.ogc.org/projects/groups/movfeatswg">MF-SWG</ulink>).
			</para>

			<para>
				<inlinemediaobject>
					<imageobject>
						<imagedata fileref='images/OGC_Associate_Member_3DR.png' width='100pt' />
					</imageobject>
				</inlinemediaobject>
			</para>

			<para>
				This is the manual for MobilityDB v1.0. The MobilityDB Manual is licensed under a <ulink url="https://creativecommons.org/licenses/by-sa/3.0/">Creative Commons Attribution-Share Alike 3.0 License 3</ulink>. Feel free to use this material any way you like, but we ask that you attribute credit to the MobilityDB Project and wherever possible, a link back to <ulink url="https://github.com/MobilityDB/MobilityDB">MobilityDB</ulink>.
			</para>

			<para>
				<inlinemediaobject>
					<imageobject>
						<imagedata fileref='images/cc-by-sa.png' width='100pt' />
					</imageobject>
				</inlinemediaobject>
			</para>
		</abstract>
	</bookinfo>

	&introduction;
	&time_types_range_types;
	&temporal_types;
	&manipulating_box_types;
	&manipulating_temporal_types;
	&temporal_network_points;
	&reference;
	&data_generator;
	<index />

</book>
