<?xml version="1.0" encoding="UTF-8"?>
<!--
   ****************************************************************************
    MobilityDB Manual
    Copyright(c) MobilityDB Contributors

    This documentation is licensed under a Creative Commons Attribution-Share
    Alike 3.0 License: https://creativecommons.org/licenses/by-sa/3.0/
   ****************************************************************************
-->
<appendix id ="reference">
	<title>MobilityDB Reference</title>

	<sect1>
		<title>Functions and Operators for Time Types and Range Types</title>

		<sect2>
			<title>Constructor Functions</title>
			<itemizedlist>
				<listitem>
					<para><link linkend="period"><varname>period</varname></link>: Constructor for <varname>period</varname></para>
				</listitem>

				<listitem>
					<para><link linkend="timestampset"><varname>timestampset</varname></link>: Constructor for <varname>timestampset</varname></para>
				</listitem>

				<listitem>
					<para><link linkend="periodset"><varname>periodset</varname></link>: Constructor for <varname>periodset</varname></para>
				</listitem>
			</itemizedlist>
		</sect2>

		<sect2>
			<title>Casting</title>
			<itemizedlist>
				<listitem>
					<para><link linkend="timestamptz_cast"><varname>timestamptz::time</varname></link>: Cast a <varname>timestamptz</varname> to another time type</para>
				</listitem>

				<listitem>
					<para><link linkend="timestampset_cast"><varname>timestampset::periodset</varname></link>: Cast a <varname>timestampset</varname> to a <varname>periodset</varname></para>
				</listitem>

				<listitem>
					<para><link linkend="period_cast"><varname>period::type</varname></link>: Cast a <varname>period</varname> to another time type</para>
				</listitem>

				<listitem>
					<para><link linkend="tstzrange_cast"><varname>tstzrange::period</varname></link>: Cast a <varname>tstzrange</varname> to a <varname>period</varname></para>
				</listitem>
			</itemizedlist>
		</sect2>
		<sect2>

			<title>Accessor Functions</title>

			<itemizedlist>
				<listitem>
					<para><link linkend="time_memSize"><varname>memSize</varname></link>: Get the memory size in bytes</para>
				</listitem>

				<listitem>
					<para><link linkend="lower"><varname>lower</varname></link>: Get the lower bound</para>
				</listitem>

				<listitem>
					<para><link linkend="upper"><varname>upper</varname></link>: Get the upper bound</para>
				</listitem>

				<listitem>
					<para><link linkend="lower_inc"><varname>lower_inc</varname></link>: Is the lower bound inclusive?</para>
				</listitem>

				<listitem>
					<para><link linkend="upper_inc"><varname>upper_inc</varname></link>: Is the upper bound inclusive?</para>
				</listitem>

				<listitem>
					<para><link linkend="time_duration"><varname>duration</varname></link>: Get the duration</para>
				</listitem>

				<listitem>
					<para><link linkend="time_timespan"><varname>timespan</varname></link>: Get the timespan ignoring the potential time gaps</para>
				</listitem>

				<listitem>
					<para><link linkend="period"><varname>period</varname></link>: Get the period on which the timestamp set or period set is defined ignoring the potential time gaps</para>
				</listitem>

				<listitem>
					<para><link linkend="time_numTimestamps"><varname>numTimestamps</varname></link>: Get the number of different timestamps</para>
				</listitem>

				<listitem>
					<para><link linkend="time_startTimestamp"><varname>startTimestamp</varname></link>: Get the start timestamp</para>
				</listitem>

				<listitem>
					<para><link linkend="time_endTimestamp"><varname>endTimestamp</varname></link>: Get the end timestamp</para>
				</listitem>

				<listitem>
					<para><link linkend="time_timestampN"><varname>timestampN</varname></link>: Get the n-th different timestamp</para>
				</listitem>

				<listitem>
					<para><link linkend="time_timestamps"><varname>timestamps</varname></link>: Get the different timestamps</para>
				</listitem>

				<listitem>
					<para><link linkend="numPeriods"><varname>numPeriods</varname></link>: Get the number of periods</para>
				</listitem>

				<listitem>
					<para><link linkend="startPeriod"><varname>startPeriod</varname></link>: Get the start period</para>
				</listitem>

				<listitem>
					<para><link linkend="endPeriod"><varname>endPeriod</varname></link>: Get the end period</para>
				</listitem>

				<listitem>
					<para><link linkend="periodN"><varname>periodN</varname></link>: Get the n-th period</para>
				</listitem>

				<listitem>
					<para><link linkend="periods"><varname>periods</varname></link>: Get the periods</para>
				</listitem>
			</itemizedlist>
		</sect2>

		<sect2>
			<title>Modification Functions</title>

			<itemizedlist>
				<listitem>
					<para><link linkend="time_shift"><varname>shift</varname></link>: Shift the time value by an interval</para>
				</listitem>

				<listitem>
					<para><link linkend="time_tscale"><varname>tscale</varname></link>: Scale the time value to an interval</para>
				</listitem>

				<listitem>
					<para><link linkend="time_shiftTscale"><varname>shiftTscale</varname></link>: Shift and scale the time value with the intervals</para>
				</listitem>

				<listitem>
					<para><link linkend="floatrange_round"><varname>round</varname></link>: Round the bounds of a float range to a number of decimal places</para>
				</listitem>
			</itemizedlist>
		</sect2>

		<sect2>
			<title>Comparison Operators</title>

			<itemizedlist>
				<listitem>
					<para><link linkend="time_eq"><varname>=</varname></link>: Are the time values equal?</para>
				</listitem>

				<listitem>
					<para><link linkend="time_ne"><varname>&lt;&gt;</varname></link>: Are the time values different?</para>
				</listitem>

				<listitem>
					<para><link linkend="time_lt"><varname>&lt;</varname></link>: Is the first time value less than the second one?</para>
				</listitem>

				<listitem>
					<para><link linkend="time_gt"><varname>&gt;</varname></link>: Is the first time value greater than the second one?</para>
				</listitem>

				<listitem>
					<para><link linkend="time_le"><varname>&lt;=</varname></link>: Is the first time value less than or equal to the second one?</para>
				</listitem>

				<listitem>
					<para><link linkend="time_ge"><varname>&gt;=</varname></link>: Is the first time value greater than or equal to the second one?</para>
				</listitem>
			</itemizedlist>
		</sect2>

		<sect2>
			<title>Set Operators</title>

			<itemizedlist>
				<listitem>
					<para><link linkend="time_union"><varname>+</varname></link>: Union of the time values</para>
				</listitem>

				<listitem>
					<para><link linkend="time_intersection"><varname>*</varname></link>: Intersection of the time values</para>
				</listitem>

				<listitem>
					<para><link linkend="time_difference"><varname>-</varname></link>: Difference of the time values</para>
				</listitem>
			</itemizedlist>
		</sect2>

		<sect2>
			<title>Topological and Relative Position Operators</title>

			<itemizedlist>
				<listitem>
					<para><link linkend="time_overlaps"><varname>&amp;&amp;</varname></link>: Do the time values overlap (have instants in common)?</para>
				</listitem>

				<listitem>
					<para><link linkend="time_contains"><varname>@&gt;</varname></link>: Does the first time value contain the second one?</para>
				</listitem>

				<listitem>
					<para><link linkend="time_containedby"><varname>&lt;@</varname></link>: Is the first time value contained by the second one?</para>
				</listitem>

				<listitem>
					<para><link linkend="time_adjacent"><varname>-|-</varname></link>: Is the first time value adjacent to the second one?</para>
				</listitem>

				<listitem>
					<para><link linkend="range_left"><varname>&lt;&lt;</varname></link>: Is the first number or range value scritly left of the second one?</para>
				</listitem>

				<listitem>
					<para><link linkend="range_right"><varname>&gt;&gt;</varname></link>: Is the first number or range value strictly right of the second one?</para>
				</listitem>

				<listitem>
					<para><link linkend="range_overleft"><varname>&amp;&lt;</varname></link>: Is the first number or range value not to the right of the second one?</para>
				</listitem>

				<listitem>
					<para><link linkend="range_overright"><varname>&amp;&gt;</varname></link>: Is the first number or range value not to the left of the second one?</para>
				</listitem>

				<listitem>
					<para><link linkend="range_adjacent"><varname>-|-</varname></link>: Is the first number or range value adjacent to the second one?</para>
				</listitem>

				<listitem>
					<para><link linkend="time_before"><varname>&lt;&lt;#</varname></link>: Is the first time value scritly before the second one?</para>
				</listitem>

				<listitem>
					<para><link linkend="time_after"><varname>#&gt;&gt;</varname></link>: Is the first time value strictly after the second one?</para>
				</listitem>

				<listitem>
					<para><link linkend="time_overbefore"><varname>&amp;&lt;#</varname></link>: Is the first time value not after the second one?</para>
				</listitem>

				<listitem>
					<para><link linkend="time_overafter"><varname>#&amp;&gt;</varname></link>: Is the first time value not before the second one?</para>
				</listitem>
			</itemizedlist>
		</sect2>

		<sect2>
			<title>Distance Operators</title>

			<itemizedlist>
				<listitem>
					<para><link linkend="distance"><varname>&lt;-&gt;</varname></link>: Get the smallest distance ever in an interval</para>
				</listitem>

				<listitem>
					<para><link linkend="smallest_distance_secs"><varname>|=|</varname></link>: Get the smallest distance ever in number of seconds</para>
				</listitem>
			</itemizedlist>
		</sect2>

		<sect2>
			<title>Aggregate Functions</title>

			<itemizedlist>
				<listitem>
					<para><link linkend="time_tcount"><varname>tcount</varname></link>: Temporal count</para>
				</listitem>

				<listitem>
					<para><link linkend="time_extent"><varname>extent</varname></link>: Bounding period</para>
				</listitem>

				<listitem>
					<para><link linkend="range_extent"><varname>extent</varname></link>: Bounding range</para>
				</listitem>

				<listitem>
					<para><link linkend="tunion"><varname>tunion</varname></link>: Temporal union</para>
				</listitem>
			</itemizedlist>
		</sect2>
	</sect1>

	<sect1>
		<title>Functions and Operators for Box Types</title>

		<sect2>
			<title>Constructor Functions</title>
			<itemizedlist>
				<listitem>
					<para><link linkend="tbox"><varname>tbox</varname></link>: Constructor for <varname>tbox</varname></para>
				</listitem>

				<listitem>
					<para><link linkend="stbox"><varname>stbox, stboxt</varname></link>: Constructor for <varname>stbox</varname></para>
				</listitem>
			</itemizedlist>
		</sect2>

		<sect2>
			<title>Casting</title>

			<itemizedlist>
				<listitem>
					<para><link linkend="tbox_cast_to"><varname>tbox::type</varname></link>: Cast a <varname>tbox</varname> to another type</para>
				</listitem>

				<listitem>
					<para><link linkend="tbox_cast_from"><varname>type::tbox</varname></link>: Cast another type to a <varname>tbox</varname></para>
				</listitem>

				<listitem>
					<para><link linkend="stbox_cast_to"><varname>stbox::type</varname></link>: Cast an <varname>stbox</varname> to anoter type</para>
				</listitem>

				<listitem>
					<para><link linkend="stbox_cast_from"><varname>type::stbox</varname></link>: Cast another type to an <varname>stbox</varname></para>
				</listitem>
			</itemizedlist>
		</sect2>

		<sect2>
			<title>Accessor Functions</title>

			<itemizedlist>
				<listitem>
					<para><link linkend="hasX"><varname>hasX</varname></link>: Has X dimension?</para>
				</listitem>

				<listitem>
					<para><link linkend="hasZ"><varname>hasZ</varname></link>: Has Z dimension?</para>
				</listitem>

				<listitem>
					<para><link linkend="hasT"><varname>hasT</varname></link>: Has T dimension?</para>
				</listitem>

				<listitem>
					<para><link linkend="Xmin"><varname>Xmin</varname></link>: Get the minimum X value</para>
				</listitem>

				<listitem>
					<para><link linkend="Xmax"><varname>Xmax</varname></link>: Get the maximum X value</para>
				</listitem>

				<listitem>
					<para><link linkend="Ymin"><varname>Ymin</varname></link>: Get the minimum Y value</para>
				</listitem>

				<listitem>
					<para><link linkend="Ymax"><varname>Ymax</varname></link>: Get the maximum Y value</para>
				</listitem>

				<listitem>
					<para><link linkend="Zmin"><varname>Zmin</varname></link>: Get the minimum Z value</para>
				</listitem>

				<listitem>
					<para><link linkend="Zmax"><varname>Zmax</varname></link>: Get the maximum Z value</para>
				</listitem>

				<listitem>
					<para><link linkend="Tmin"><varname>Tmin</varname></link>: Get the minimum T value</para>
				</listitem>

				<listitem>
					<para><link linkend="Tmax"><varname>Tmax</varname></link>: Get the maximum T value</para>
					<para></para>
				</listitem>
			</itemizedlist>
		</sect2>

		<sect2>
			<title>Modification Functions</title>
			<itemizedlist>
				<listitem>
					<para><link linkend="expandValue"><varname>expandValue</varname></link>: Expand the numeric value dimension of the bounding box by a float value</para>
					</listitem>

				<listitem>
					<para><link linkend="expandSpatial"><varname>expandSpatial</varname></link>: Expand the spatial value dimension of the bounding box by a float value</para>
					</listitem>

				<listitem>
					<para><link linkend="expandTemporal"><varname>expandTemporal</varname></link>: Expand the temporal dimension of the bounding box by a time interval</para>
				</listitem>

				<listitem>
					<para><link linkend="box_round"><varname>round</varname></link>: Round the value or the coordinates of the bounding box to a number of decimal places</para>
				</listitem>

			</itemizedlist>
		</sect2>

		<sect2>
			<title>Spatial Reference System Functions</title>

			<itemizedlist>
				<listitem>
					<para><link linkend="stbox_SRID"><varname>SRID</varname></link>: Get the spatial reference identifier</para>
				</listitem>

				<listitem>
					<para><link linkend="stbox_setSRID"><varname>setSRID</varname></link>: Set the spatial reference identifier</para>
					</listitem>

				<listitem>
					<para><link linkend="stbox_transform"><varname>transform</varname></link>: Transform to a different spatial reference</para>
				</listitem>
			</itemizedlist>
		</sect2>

		<sect2>
			<title>Aggregate Functions</title>

			<itemizedlist>
				<listitem>
					<para><link linkend="box_extent"><varname>extent</varname></link>: Bounding box extent</para>
				</listitem>
			</itemizedlist>
		</sect2>

		<sect2>
			<title>Comparison Operators</title>
			<itemizedlist>
				<listitem>
				<para><link linkend="box_eq"><varname>=</varname></link>: Are the bounding boxes equal?</para>
				</listitem>

				<listitem>
					<para><link linkend="box_ne"><varname>&lt;&gt;</varname></link>: Are the bounding boxes different?</para>
				</listitem>

				<listitem>
					<para><link linkend="box_lt"><varname>&lt;</varname></link>: Is the first bouding box less than the second one?</para>
				</listitem>

				<listitem>
					<para><link linkend="box_gt"><varname>&gt;</varname></link>: Is the first bouding box greater than the second one?</para>
				</listitem>

				<listitem>
					<para><link linkend="box_le"><varname>&lt;=</varname></link>: Is the first bouding box less than or equal to the second one?</para>
				</listitem>

				<listitem>
					<para><link linkend="box_ge"><varname>&gt;=</varname></link>: Is the first bouding box greater than or equal to the second one?</para>
				</listitem>
			</itemizedlist>
		</sect2>

		<sect2>
			<title>Set Operators</title>
			<itemizedlist>
				<listitem>
					<para><link linkend="box_union"><varname>+</varname></link>: Union of the bounding boxes</para>
				</listitem>

				<listitem>
					<para><link linkend="box_intersection"><varname>*</varname></link>: Intersection of the bounding boxes</para>
				</listitem>
			</itemizedlist>
		</sect2>

		<sect2>
			<title>Topological Operators</title>
			<itemizedlist>
				<listitem>
					<para><link linkend="box_overlap"><varname>&amp;&amp;</varname></link>: Do the bounding boxes overlap?</para>
				</listitem>

				<listitem>
					<para><link linkend="box_contains"><varname>@&gt;</varname></link>: Does the first bounding box contain the second one?</para>
				</listitem>

				<listitem>
					<para><link linkend="box_containedby"><varname>&lt;@</varname></link>: Is the first bounding box contained in the second one?</para>
				</listitem>

				<listitem>
					<para><link linkend="box_same"><varname>~=</varname></link>: Are the bounding boxes equal in their common dimensions?</para>
				</listitem>

				<listitem>
					<para><link linkend="box_adjacent"><varname>-|-</varname></link>: Are the bounding boxes adjacent?</para>
				</listitem>
			</itemizedlist>
		</sect2>

		<sect2>
			<title>Relative Position Operators</title>
			<itemizedlist>
				<listitem>
					<para><link linkend="tbox_left"><varname>&lt;&lt;</varname></link>: Are the X values of the first bounding box strictly less than those of the second one?</para>
				</listitem>

				<listitem>
					<para><link linkend="tbox_right"><varname>&gt;&gt;</varname></link>: Are the X values of the first bounding box strictly greater than those of the second one?</para>
				</listitem>

				<listitem>
					<para><link linkend="tbox_overleft"><varname>&amp;&lt;</varname></link>: Are the X values of the first bounding box not greater than those of the second one?</para>
				</listitem>

				<listitem>
					<para><link linkend="tbox_overright"><varname>&amp;&gt;</varname></link>: Are the X values of the first bounding box not less than those of the second one?</para>
				</listitem>

				<listitem>
					<para><link linkend="stbox_left"><varname>&lt;&lt;</varname></link>: Are the X values of the first bounding box strictly to the left of those of the second one?</para>
				</listitem>

				<listitem>
					<para><link linkend="stbox_right"><varname>&gt;&gt;</varname></link>: Are the X values of the first bounding box strictly to the right of those of the second one?</para>
				</listitem>

				<listitem>
					<para><link linkend="stbox_overleft"><varname>&amp;&lt;</varname></link>: Are the X values of the first bounding box not to the right of those of the second one?</para>
				</listitem>

				<listitem>
					<para><link linkend="stbox_overright"><varname>&amp;&gt;</varname></link>: Are the X values of the first bounding box not to the left of those of the second one?</para>
				</listitem>

				<listitem>
					<para><link linkend="stbox_below"><varname>&lt;&lt;|</varname></link>: Are the Y values of the first bounding box strictly below of those of the second one?</para>
				</listitem>

				<listitem>
					<para><link linkend="stbox_above"><varname>|&gt;&gt;</varname></link>: Are the Y values of the first bounding box strictly above of those of the second one?</para>
				</listitem>

				<listitem>
					<para><link linkend="stbox_overbelow"><varname>&amp;&lt;|</varname></link>: Are the Y values of the first bounding box not above of those of the second one?</para>
				</listitem>

				<listitem>
					<para><link linkend="stbox_overabove"><varname>|&amp;&gt;</varname></link>: Are the Y values of the first bounding box not below of those of the second one?</para>
				</listitem>

				<listitem>
					<para><link linkend="stbox_front"><varname>&lt;&lt;/</varname></link>: Are the Z values of the first bounding box strictly in front of those of the second one?</para>
				</listitem>

				<listitem>
					<para><link linkend="stbox_back"><varname>/&gt;&gt;</varname></link>: Are the Z values of the first bounding box strictly back of those of the second one?</para>
				</listitem>

				<listitem>
					<para><link linkend="stbox_overfront"><varname>&amp;&lt;/</varname></link>: Are the Z values of the first bounding box not back of those of the second one?</para>
				</listitem>

				<listitem>
					<para><link linkend="stbox_overback"><varname>/&amp;&gt;</varname></link>: Are the Z values of the first bounding box not in front of those of the second one?</para>
				</listitem>

				<listitem>
					<para><link linkend="box_before"><varname>&lt;&lt;#</varname></link>: Are the T values of the first bounding box strictly before those of the second one?</para>
				</listitem>

				<listitem>
					<para><link linkend="box_after"><varname>#&gt;&gt;</varname></link>: Are the T values of the first bounding box strictly after those of the second one?</para>
				</listitem>

				<listitem>
					<para><link linkend="box_overbefore"><varname>&amp;&lt;#</varname></link>: Are the T values of the first bounding box not after those of the second one?</para>
				</listitem>

				<listitem>
					<para><link linkend="box_overafter"><varname>#&amp;&gt;</varname></link>: Are the T values of the first bounding box not before those of the second one?</para>
				</listitem>
			</itemizedlist>
		</sect2>
	</sect1>

	<sect1>
		<title>Functions and Operators for Temporal Types</title>

		<sect2>
			<title>Constructor Functions</title>
			<itemizedlist>
				<listitem>
					<para><link linkend="ttype_inst"><varname>ttype_inst</varname></link>: Constructor for temporal types of instant subtype</para>
				</listitem>

				<listitem>
					<para><link linkend="ttype_instset"><varname>ttype_instset</varname></link>: Constructor for temporal types of instant set subtype</para>
				</listitem>

				<listitem>
					<para><link linkend="ttype_seq"><varname>ttype_seq</varname></link>: Constructor for temporal types of sequence subtype</para>
				</listitem>

				<listitem>
					<para><link linkend="ttype_seqset"><varname>ttype_seqset</varname></link>: Constructor for temporal types of sequence set subtype</para>
				</listitem>
			</itemizedlist>
		</sect2>

		<sect2>
			<title>Casting</title>

			<itemizedlist>
				<listitem>
					<para><link linkend="temporal_period"><varname>ttype::period</varname></link>: Cast a temporal value to a period</para>
				</listitem>

				<listitem>
					<para><link linkend="tnumber_range"><varname>tnumber::range</varname></link>: Cast a temporal number to a range</para>
				</listitem>

				<listitem>
					<para><link linkend="tnumber_tbox"><varname>tnumber::tbox</varname></link>: Cast a temporal number to a <varname>tbox</varname></para>
				</listitem>

				<listitem>
					<para><link linkend="tpoint_stbox"><varname>ttype::period</varname></link>: Cast a temporal point to an <varname>stbox</varname></para>
				</listitem>

				<listitem>
					<para><link linkend="tint_tfloat"><varname>tint::tfloat</varname></link>: Cast a temporal integer to a temporal float</para>
				</listitem>

				<listitem>
					<para><link linkend="tfloat_tint"><varname>tfloat::tint</varname></link>: Cast a temporal float to a temporal integer</para>
				</listitem>

				<listitem>
					<para><link linkend="tgeompoint_tgeogpoint"><varname>tgeompoint::tgeogpoint</varname></link>: Cast a temporal geometry point to a temporal geography point</para>
				</listitem>

				<listitem>
					<para><link linkend="tgeogpoint_tgeompoint"><varname>tgeogpoint::tgeompoint</varname></link>: Cast a temporal geography point to a temporal geometry point</para>
				</listitem>

				<listitem>
					<para><link linkend="tgeompoint_geometry"><varname>tgeompoint::geometry, tgeogpoint::geography</varname></link>: Cast a temporal point to a PostGIS trajectory</para>
				</listitem>

				<listitem>
					<para><link linkend="geometry_tgeompoint"><varname>geometry::tgeompoint, geography::tgeogpoint</varname></link>: Cast a PostGIS trajectory to a temporal point</para>
				</listitem>
			</itemizedlist>
		</sect2>

		<sect2>
			<title>Accessor Functions</title>
			<itemizedlist>
				<listitem>
				<para><link linkend="ttype_memSize"><varname>memSize</varname></link>: Get the memory size in bytes</para>
				</listitem>

				<listitem>
					<para><link linkend="tempSubtype"><varname>tempSubtype</varname></link>: Get the temporal subtype</para>
				</listitem>

				<listitem>
					<para><link linkend="interpolation"><varname>interpolation</varname></link>: Get the interpolation</para>
				</listitem>

				<listitem>
					<para><link linkend="getValue"><varname>getValue</varname></link>: Get the value</para>
				</listitem>

				<listitem>
					<para><link linkend="getValues"><varname>getValues</varname></link>: Get the values</para>
				</listitem>

				<listitem>
					<para><link linkend="startValue"><varname>startValue</varname></link>: Get the start value</para>
				</listitem>

				<listitem>
					<para><link linkend="endValue"><varname>endValue</varname></link>: Get the end value</para>
				</listitem>

				<listitem>
					<para><link linkend="minValue"><varname>minValue</varname></link>: Get the minimum value</para>
				</listitem>

				<listitem>
					<para><link linkend="maxValue"><varname>maxValue</varname></link>: Get the maximum value</para>
				</listitem>

				<listitem>
					<para><link linkend="minInstant"><varname>minInstant</varname></link>: Get the instant with the minimum value</para>
				</listitem>

				<listitem>
					<para><link linkend="maxInstant"><varname>maxInstant</varname></link>: Get the instant with the maximum value</para>
				</listitem>

				<listitem>
					<para><link linkend="valueRange"><varname>valueRange</varname></link>: Get the value range</para>
				</listitem>

				<listitem>
					<para><link linkend="valueAtTimestamp"><varname>valueAtTimestamp</varname></link>: Get the value at a timestamp</para>
				</listitem>

				<listitem>
					<para><link linkend="getTimestamp"><varname>getTimestamp</varname></link>: Get the timestamp</para>
				</listitem>

				<listitem>
					<para><link linkend="getTime"><varname>getTime</varname></link>: Get the time</para>
				</listitem>

				<listitem>
					<para><link linkend="ttype_duration"><varname>duration</varname></link>: Get the duration</para>
				</listitem>

				<listitem>
					<para><link linkend="ttype_timespan"><varname>timespan</varname></link>: Get the timespan ignoring the potential time gaps</para>
				</listitem>

				<listitem>
					<para><link linkend="ttype_period"><varname>period</varname></link>: Get the period on which the temporal value is defined ignoring the potential time gaps</para>
				</listitem>

				<listitem>
					<para><link linkend="numInstants"><varname>numInstants</varname></link>: Get the number of different instants</para>
				</listitem>

				<listitem>
					<para><link linkend="startInstant"><varname>startInstant</varname></link>: Get the start instant</para>
				</listitem>

				<listitem>
					<para><link linkend="endInstant"><varname>endInstant</varname></link>: Get the end instant</para>
				</listitem>

				<listitem>
					<para><link linkend="instantN"><varname>instantN</varname></link>: Get the n-th different instant</para>
				</listitem>

				<listitem>
					<para><link linkend="instants"><varname>instants</varname></link>: Get the different instants</para>
				</listitem>

				<listitem>
					<para><link linkend="ttype_numTimestamps"><varname>numTimestamps</varname></link>: Get the number of different timestamps</para>
				</listitem>

				<listitem>
					<para><link linkend="ttype_startTimestamp"><varname>startTimestamp</varname></link>: Get the start timestamp</para>
				</listitem>

				<listitem>
					<para><link linkend="ttype_endTimestamp"><varname>endTimestamp</varname></link>: Get the end timestamp</para>
				</listitem>

				<listitem>
					<para><link linkend="ttype_timestampN"><varname>timestampN</varname></link>: Get the n-th different timestamp</para>
				</listitem>

				<listitem>
					<para><link linkend="ttype_timestamps"><varname>timestamps</varname></link>: Get the different timestamps</para>
				</listitem>

				<listitem>
					<para><link linkend="numSequences"><varname>numSequences</varname></link>: Get the number of sequences</para>
				</listitem>

				<listitem>
					<para><link linkend="startSequence"><varname>startSequence</varname></link>: Get the start sequence</para>
				</listitem>

				<listitem>
					<para><link linkend="endSequence"><varname>endSequence</varname></link>: Get the end sequence</para>
				</listitem>

				<listitem>
					<para><link linkend="sequenceN"><varname>sequenceN</varname></link>: Get the n-th sequence</para>
				</listitem>

				<listitem>
					<para><link linkend="sequences"><varname>sequences</varname></link>: Get the sequences</para>
				</listitem>

				<listitem>
					<para><link linkend="segments"><varname>segments</varname></link>: Get the segments</para>
				</listitem>

				<listitem>
					<para><link linkend="shift"><varname>shift</varname></link>: Shift the time span of the temporal value by an interval</para>
				</listitem>

				<listitem>
					<para><link linkend="tscale"><varname>tscale</varname></link>: Scale the time span of the temporal value to an interval</para>
				</listitem>

				<listitem>
					<para><link linkend="shiftTscale"><varname>shiftTscale</varname></link>: Shift and scale the time span the temporal value with the intervals</para>
				</listitem>

				<listitem>
					<para><link linkend="intersectsTimestamp"><varname>intersectsTimestamp</varname></link>: Does the temporal value intersect the timestamp?</para>
				</listitem>

				<listitem>
					<para><link linkend="intersectsTimestampSet"><varname>intersectsTimestampSet</varname></link>: Does the temporal value intersect the timestamp set?</para>
				</listitem>

				<listitem>
					<para><link linkend="intersectsPeriod"><varname>intersectsPeriod</varname></link>: Does the temporal value intersect the period?</para>
				</listitem>

				<listitem>
					<para><link linkend="intersectsPeriodSet"><varname>intersectsPeriodSet</varname></link>: Does the temporal value intersect the period set?</para>
				</listitem>

				<listitem>
					<para><link linkend="twAvg"><varname>twAvg</varname></link>: Get the time-weighted average</para>
				</listitem>
			</itemizedlist>
		</sect2>

		<sect2>
			<title>Modification Functions</title>

			<itemizedlist>
				<listitem>
				<para><link linkend="ttype_transform"><varname>ttype_inst, ttype_instset, ttype_seq, ttype_seqset</varname></link>: Transform a temporal value to another subtype</para>
				</listitem>

				<listitem>
					<para><link linkend="toLinear"><varname>toLinear</varname></link>: Transform a temporal value with continuous base type from stepwise to linear interpolation</para>
				</listitem>

				<listitem>
				<para><link linkend="appendInstant"><varname>appendInstant</varname></link>: Append a temporal instant to a temporal value</para>
				</listitem>

				<listitem>
				<para><link linkend="merge"><varname>merge</varname></link>: Merge temporal values</para>
				</listitem>

			</itemizedlist>
		</sect2>

		<sect2>
			<title>Restriction Functions</title>

			<sect3>
				<title>Selection Functions</title>

				<itemizedlist>
					<listitem>
						<para><link linkend="atValue"><varname>atValue</varname></link>: Restrict to a value</para>
					</listitem>

					<listitem>
						<para><link linkend="atValues"><varname>atValues</varname></link>: Restrict to an array of values</para>
					</listitem>

					<listitem>
						<para><link linkend="atRange"><varname>atRange</varname></link>: Restrict to a range</para>
					</listitem>

					<listitem>
						<para><link linkend="atRanges"><varname>atRanges</varname></link>: Restrict to an array of ranges</para>
					</listitem>

					<listitem>
						<para><link linkend="atMin"><varname>atMin</varname></link>: Restrict to the minimum value</para>
					</listitem>

					<listitem>
						<para><link linkend="atMax"><varname>atMax</varname></link>: Restrict to the maximum value</para>
					</listitem>

					<listitem>
						<para><link linkend="atGeometry"><varname>atGeometry</varname></link>: Restrict to a geometry</para>
					</listitem>

					<listitem>
						<para><link linkend="atTimestamp"><varname>atTimestamp</varname></link>: Restrict to a timestamp</para>
					</listitem>

					<listitem>
						<para><link linkend="atTimestampSet"><varname>atTimestampSet</varname></link>: Restrict to a timestamp set</para>
					</listitem>

					<listitem>
						<para><link linkend="atPeriod"><varname>atPeriod</varname></link>: Restrict to a period</para>
					</listitem>

					<listitem>
						<para><link linkend="atPeriodSet"><varname>atPeriodSet</varname></link>: Restrict to a period set</para>
					</listitem>

					<listitem>
						<para><link linkend="atTbox"><varname>atTbox</varname></link>: Restrict to a <varname>tbox</varname></para>
					</listitem>

					<listitem>
						<para><link linkend="atStbox"><varname>atStbox</varname></link>: Restrict to an <varname>stbox</varname></para>
					</listitem>
				</itemizedlist>
			</sect3>

			<sect3>
				<title>Difference Functions</title>

				<itemizedlist>
					<listitem>
					<para><link linkend="minusValue"><varname>minusValue</varname></link>: Difference with a value</para>
					</listitem>

					<listitem>
						<para><link linkend="minusValues"><varname>minusValues</varname></link>: Difference with an array of values</para>
					</listitem>

					<listitem>
						<para><link linkend="minusRange"><varname>minusRange</varname></link>: Difference with a range</para>
					</listitem>

					<listitem>
						<para><link linkend="minusRanges"><varname>minusRanges</varname></link>: Difference with an array of ranges</para>
					</listitem>

					<listitem>
						<para><link linkend="minusMin"><varname>minusMin</varname></link>: Difference with the minimum value</para>
					</listitem>

					<listitem>
						<para><link linkend="minusMax"><varname>minusMax</varname></link>: Difference with the maximum value</para>
					</listitem>

				<listitem>
					<para><link linkend="minusGeometry"><varname>minusGeometry</varname></link>: Difference with a geometry</para>
				</listitem>

					<listitem>
						<para><link linkend="minusTimestamp"><varname>minusTimestamp</varname></link>: Difference with a timestamp</para>
					</listitem>

					<listitem>
						<para><link linkend="minusTimestampSet"><varname>minusTimestampSet</varname></link>: Difference with a timestamp set</para>
					</listitem>

					<listitem>
						<para><link linkend="minusPeriod"><varname>minusPeriod</varname></link>: Difference with period</para>
					</listitem>

					<listitem>
						<para><link linkend="minusPeriodSet"><varname>minusPeriodSet</varname></link>: Difference with a period set</para>
					</listitem>

					<listitem>
						<para><link linkend="minusTbox"><varname>minusTbox</varname></link>: Difference with a <varname>tbox</varname></para>
					</listitem>

					<listitem>
						<para><link linkend="minusStbox"><varname>minusStbox</varname></link>: Difference with an <varname>stbox</varname></para>
					</listitem>
				</itemizedlist>
			</sect3>
		</sect2>

		<sect2>
			<title>Comparison Operators</title>

			<sect3>
				<title>Traditional Comparison Operators</title>

				<itemizedlist>
					<listitem>
					<para><link linkend="ttype_eq"><varname>=</varname></link>: Are the temporal values equal?</para>
					</listitem>

					<listitem>
						<para><link linkend="ttype_ne"><varname>&lt;&gt;</varname></link>: Are the temporal values different?</para>
					</listitem>

					<listitem>
						<para><link linkend="ttype_lt"><varname>&lt;</varname></link>: Is the first temporal value less than the second one?</para>
					</listitem>

					<listitem>
						<para><link linkend="ttype_gt"><varname>&gt;</varname></link>: Is the first temporal value greater than the second one?</para>
					</listitem>

					<listitem>
						<para><link linkend="ttype_le"><varname>&lt;=</varname></link>: Is the first temporal value less than or equal to the second one?</para>
					</listitem>

					<listitem>
						<para><link linkend="ttype_ge"><varname>&gt;=</varname></link>: Is the first temporal value greater than or equal to the second one?</para>
					</listitem>
				</itemizedlist>
			</sect3>

			<sect3>
				<title>Ever and Always Comparison Operators</title>

				<itemizedlist>
					<listitem>
						<para><link linkend="ttype_eveq"><varname>?=</varname></link>: Is the temporal value ever equal to the value?</para>
					</listitem>

					<listitem>
						<para><link linkend="ttype_evne"><varname>?&lt;&gt;</varname></link>: Is the temporal value ever different from the value?</para>
					</listitem>

					<listitem>
						<para><link linkend="ttype_evlt"><varname>?&lt;</varname></link>: Is the temporal value ever less than the value?</para>
					</listitem>

					<listitem>
						<para><link linkend="ttype_evgt"><varname>?&gt;</varname></link>: Is the temporal value ever greater than the value?</para>
					</listitem>

					<listitem>
						<para><link linkend="ttype_evle"><varname>?&lt;=</varname></link>: Is the temporal value ever less than or equal to the value?</para>
					</listitem>

					<listitem>
						<para><link linkend="ttype_evge"><varname>?&gt;=</varname></link>: Is the temporal value ever greater than or equal to the value?</para>
					</listitem>

					<listitem>
						<para><link linkend="ttype_aleq"><varname>%=</varname></link>: Is the temporal value always equal to the value?</para>
					</listitem>

					<listitem>
						<para><link linkend="ttype_alne"><varname>%&lt;&gt;</varname></link>: Is the temporal value always different to the value?</para>
					</listitem>

					<listitem>
						<para><link linkend="ttype_allt"><varname>%&lt;</varname></link>: Is the temporal value always less than the value?</para>
					</listitem>

					<listitem>
						<para><link linkend="ttype_algt"><varname>%&gt;</varname></link>: Is the temporal value always greater than the value?</para>
					</listitem>

					<listitem>
						<para><link linkend="ttype_alle"><varname>%&lt;=</varname></link>: Is the temporal value always less than or equal to the value?</para>
					</listitem>

					<listitem>
						<para><link linkend="ttype_alge"><varname>%&gt;=</varname></link>: Is the temporal value always greater than or equal to the value?</para>
					</listitem>
				</itemizedlist>
			</sect3>

			<sect3>
				<title>Temporal Comparison Operators</title>

				<itemizedlist>
					<listitem>
						<para><link linkend="ttype_teq"><varname>#=</varname></link>: Temporal equal</para>
					</listitem>

					<listitem>
						<para><link linkend="ttype_tne"><varname>#&lt;&gt;</varname></link>: Temporal different</para>
					</listitem>

					<listitem>
						<para><link linkend="ttype_tlt"><varname>#&lt;</varname></link>: Temporal less than</para>
					</listitem>

					<listitem>
						<para><link linkend="ttype_tgt"><varname>#&gt;</varname></link>: Temporal greater than</para>
					</listitem>

					<listitem>
						<para><link linkend="ttype_tle"><varname>#&lt;=</varname></link>: Temporal less than or equal to</para>
					</listitem>

					<listitem>
						<para><link linkend="ttype_tge"><varname>#&gt;=</varname></link>: Temporal greater than or equal to</para>
					</listitem>
				</itemizedlist>
			</sect3>
		</sect2>

		<sect2>
			<title>Mathematical Functions and Operators</title>

			<itemizedlist>
				<listitem>
					<para><link linkend="tnumber_add"><varname>+</varname></link>: Temporal addition</para>
				</listitem>

				<listitem>
					<para><link linkend="tnumber_sub"><varname>-</varname></link>: Temporal subtraction</para>
				</listitem>

				<listitem>
					<para><link linkend="tnumber_mult"><varname>*</varname></link>: Temporal multiplication</para>
				</listitem>

				<listitem>
					<para><link linkend="tnumber_div"><varname>/</varname></link>: Temporal division</para>
				</listitem>

				<listitem>
					<para><link linkend="round"><varname>round</varname></link>: Round the values to a number of decimal places</para>
				</listitem>

				<listitem>
					<para><link linkend="degrees"><varname>degrees</varname></link>: Convert from radians to degrees</para>
				</listitem>

				<listitem>
					<para><link linkend="derivative"><varname>derivative</varname></link>: Get the derivative over time of the temporal float in units per second</para>
				</listitem>
			</itemizedlist>
		</sect2>

		<sect2>
			<title>Boolean Operators</title>
			<itemizedlist>
				<listitem>
					<para><link linkend="tbool_and"><varname>&amp;</varname></link>: Temporal and</para>
				</listitem>

				<listitem>
					<para><link linkend="tbool_or"><varname>|</varname></link>: Temporal or</para>
				</listitem>

				<listitem>
					<para><link linkend="tbool_not"><varname>~</varname></link>: Temporal not</para>
				</listitem>
			</itemizedlist>
		</sect2>

		<sect2>
			<title>Text Functions and Operators</title>

			<itemizedlist>
				<listitem>
					<para><link linkend="ttext_concat"><varname>||</varname></link>: Temporal text concatenation</para>
				</listitem>

				<listitem>
					<para><link linkend="ttext_upper"><varname>upper</varname></link>: Transform to uppercase</para>
				</listitem>

				<listitem>
					<para><link linkend="ttext_lower"><varname>lower</varname></link>: Transform to lowercase</para>
				</listitem>
			</itemizedlist>
		</sect2>

		<sect2>
			<title>Spatial Functions and Operators</title>

			<sect3>
				<title>Input/Output Functions</title>

				<itemizedlist>
					<listitem>
						<para><link linkend="asText"><varname>asText</varname></link>: Get the Well-Known Text (WKT) representation</para>
					</listitem>

					<listitem>
						<para><link linkend="asEWKT"><varname>asEWKT</varname></link>: Get the Extended Well-Known Text (EWKT) representation</para>
					</listitem>

					<listitem>
						<para><link linkend="asMFJSON"><varname>asMFJSON</varname></link>: Get the Moving Features JSON representation</para>
					</listitem>

					<listitem>
						<para><link linkend="asBinary"><varname>asBinary</varname></link>: Get the Well-Known Binary (WKB) representation</para>
					</listitem>

					<listitem>
						<para><link linkend="asEWKB"><varname>asEWKB</varname></link>: Get the Extended Well-Known Binary (EWKB) representation</para>
					</listitem>

					<listitem>
						<para><link linkend="asHexEWKB"><varname>asHexEWKB</varname></link>: Get the Hexadecimal Extended Well-Known Binary (EWKB) representation as text </para>
					</listitem>

					<listitem>
						<para><link linkend="tgeompointFromText"><varname>tgeompointFromText</varname></link>: Input a temporal geometry point from a Well-Known Text (WKT) representation</para>
					</listitem>

					<listitem>
						<para><link linkend="tgeogpointFromText"><varname>tgeogpointFromText</varname></link>: Input a temporal geography point from a Well-Known Text (WKT) representation</para>
					</listitem>

					<listitem>
						<para><link linkend="tgeompointFromEWKT"><varname>tgeompointFromEWKT</varname></link>: Input a temporal geometry point from an Extended Well-Known Text (EWKT) representation</para>
					</listitem>

					<listitem>
						<para><link linkend="tgeogpointFromEWKT"><varname>tgeogpointFromEWKT</varname></link>: Input a temporal geography point from an Extended Well-Known Text (EWKT) representation</para>
					</listitem>

					<listitem>
						<para><link linkend="tgeompointFromMFJSON"><varname>tgeompointFromMFJSON</varname></link>: Input a temporal geometry point from a Moving Features JSON representation</para>
					</listitem>

					<listitem>
						<para><link linkend="tgeogpointFromMFJSON"><varname>tgeogpointFromMFJSON</varname></link>: Input a temporal geography geometry point from a Moving Features JSON representation</para>
					</listitem>

					<listitem>
						<para><link linkend="tgeompointFromBinary"><varname>tgeompointFromBinary</varname></link>: Input a temporal geometry point from a Well-Known Binary (WKB) representation</para>
					</listitem>

					<listitem>
						<para><link linkend="tgeogpointFromBinary"><varname>tgeogpointFromBinary</varname></link>: Input a temporal geography point from a Well-Known Binary (WKB) representation</para>
					</listitem>

					<listitem>
						<para><link linkend="tgeompointFromEWKB"><varname>tgeompointFromEWKB</varname></link>: Input a temporal geometry point from an Extended Well-Known Binary (EWKB) representation</para>
					</listitem>

					<listitem>
						<para><link linkend="tgeogpointFromEWKB"><varname>tgeogpointFromEWKB</varname></link>: Input a temporal geography point from an Extended Well-Known Binary (EWKB) representation</para>
					</listitem>

					<listitem>
						<para><link linkend="tgeompointFromHexEWKB"><varname>tgeompointFromHexEWKB</varname></link>: Input a temporal geometry point from an Hexadecimal Extended Well-Known Binary (EWKB) representation as text </para>
					</listitem>

					<listitem>
						<para><link linkend="tgeogpointFromHexEWKB"><varname>tgeogpointFromHexEWKB</varname></link>: Input a temporal geography point from an Hexadecimal Extended Well-Known Binary (EWKB) representation as text </para>
					</listitem>
				</itemizedlist>
			</sect3>

			<sect3>
				<title>Spatial Reference System Functions</title>

				<itemizedlist>
					<listitem>
						<para><link linkend="tpoint_SRID"><varname>SRID</varname></link>: Get the spatial reference identifier</para>
					</listitem>

					<listitem>
						<para><link linkend="tpoint_setSRID"><varname>setSRID</varname></link>: Set the spatial reference identifier</para>
						</listitem>

					<listitem>
						<para><link linkend="tpoint_transform"><varname>transform</varname></link>: Transform to a different spatial reference</para>
					</listitem>
				</itemizedlist>
			</sect3>

			<sect3>
				<title>Accessor Functions</title>

				<itemizedlist>
					<listitem>
						<para><link linkend="getX"><varname>getX</varname></link>: Get the X coordinate values as a temporal float</para>
					</listitem>

					<listitem>
						<para><link linkend="getY"><varname>getY</varname></link>: Get the Y coordinate values as a temporal float</para>
					</listitem>

					<listitem>
						<para><link linkend="getZ"><varname>getZ</varname></link>: Get the Z coordinate values as a temporal float</para>
					</listitem>

					<listitem>
						<para><link linkend="length"><varname>length</varname></link>: Get the length traversed by the temporal point</para>
					</listitem>

					<listitem>
						<para><link linkend="isSimple"><varname>isSimple</varname></link>: Returns true if the temporal point does not spatially self-intersect</para>
					</listitem>

					<listitem>
						<para><link linkend="cumulativeLength"><varname>cumulativeLength</varname></link>: Get the cumulative length traversed by the temporal point</para>
					</listitem>

					<listitem>
						<para><link linkend="speed"><varname>speed</varname></link>: Get the speed of the temporal point in units per second</para>
					</listitem>

					<listitem>
						<para><link linkend="twCentroid"><varname>twCentroid</varname></link>: Get the time-weighted centroid</para>
					</listitem>

					<listitem>
						<para><link linkend="azimuth"><varname>azimuth</varname></link>: Get the temporal azimuth</para>
					</listitem>

					<listitem>
						<para><link linkend="bearing"><varname>bearing</varname></link>: Get the temporal bearing</para>
					</listitem>
				</itemizedlist>
			</sect3>

			<sect3>
				<title>Manipulation Functions</title>
				<itemizedlist>
					<listitem>
						<para><link linkend="tpoint_round"><varname>round</varname></link>: Round the coordinate values to a number of decimal places</para>
					</listitem>

					<listitem>
						<para><link linkend="makeSimple"><varname>makeSimple</varname></link>:  Returns an array of fragments of the temporal point which are simple</para>
					</listitem>

					<listitem>
						<para><link linkend="simplify"><varname>simplify</varname></link>: Simplify a temporal point using a generalization of the Douglas-Peucker algorithm</para>
					</listitem>

					<listitem>
						<para><link linkend="geoMeasure"><varname>geoMeasure</varname></link>: Construct a geometry/geography with M measure from a temporal point and a temporal float</para>
					</listitem>

					<listitem>
						<para><link linkend="asMVTGeom"><varname>asMVTGeom</varname></link>: Transform a temporal geometric point into the coordinate space of a Mapbox Vector Tile</para>
					</listitem>
				</itemizedlist>
			</sect3>

			<sect3>
				<title>Distance Functions and Operators</title>

				<itemizedlist>
					<listitem>
						<para><link linkend="smallest_distance"><varname>|=|</varname></link>: Get the smallest distance ever</para>
					</listitem>

					<listitem>
						<para><link linkend="nearestApproachInstant"><varname>nearestApproachInstant</varname></link>: Get the instant of the first temporal point at which the two arguments are at the nearest distance</para>
					</listitem>

					<listitem>
						<para><link linkend="shortestLine"><varname>shortestLine</varname></link>: Get the line connecting the nearest approach point</para>
					</listitem>

					<listitem>
						<para><link linkend="distance"><varname>&lt;-&gt;</varname></link>: Get the temporal distance</para>
					</listitem>
				</itemizedlist>
			</sect3>

			<sect3>
				<title>Possible Spatial Relationships</title>
				<itemizedlist>
					<listitem>
						<para><link linkend="contains"><varname>contains</varname></link>: May contain</para>
					</listitem>

					<listitem>
						<para><link linkend="disjoint"><varname>disjoint</varname></link>: May be disjoint</para>
					</listitem>

					<listitem>
						<para><link linkend="dwithin"><varname>dwithin</varname></link>: May be at distance within</para>
					</listitem>

					<listitem>
						<para><link linkend="intersects"><varname>intersects</varname></link>: May intersect</para>
					</listitem>

					<listitem>
						<para><link linkend="touches"><varname>touches</varname></link>: May touch</para>
					</listitem>
				</itemizedlist>
			</sect3>

			<sect3>
				<title>Temporal Spatial Relationships</title>
				<itemizedlist>
					<listitem>
						<para><link linkend="tcontains"><varname>tcontains</varname></link>: Temporal contains</para>
					</listitem>

					<listitem>
						<para><link linkend="tdisjoint"><varname>tdisjoint</varname></link>: Temporal disjoint</para>
					</listitem>

					<listitem>
						<para><link linkend="tdwithin"><varname>tdwithin</varname></link>: Temporal distance within</para>
					</listitem>

					<listitem>
						<para><link linkend="tintersects"><varname>tintersects</varname></link>: Temporal intersects</para>
					</listitem>

					<listitem>
						<para><link linkend="ttouches"><varname>ttouches</varname></link>: Temporal touches</para>
					</listitem>
				</itemizedlist>
			</sect3>
		</sect2>

		<sect2>
			<title>Similarity Functions</title>

			<itemizedlist>
				<listitem>
					<para><link linkend="frechetDistance"><varname>frechetDistance</varname></link>: Get the discrete Fréchet distance between two temporal values</para>
				</listitem>

				<listitem>
					<para><link linkend="frechetDistancePath"><varname>frechetDistancePath</varname></link>: Get the correspondence pairs between two temporal values with respect to the discrete Fréchet distance</para>
				</listitem>

				<listitem>
					<para><link linkend="dynamicTimeWarp"><varname>dynamicTimeWarp</varname></link>: Get the Dynamic Time Warp distance between two temporal values</para>
				</listitem>

				<listitem>
					<para><link linkend="dynamicTimeWarpPath"><varname>dynamicTimeWarpPath</varname></link>: Get the correspondence pairs between two temporal values with respect to the Dynamic Time Warp distance</para>
				</listitem>
			</itemizedlist>
		</sect2>

		<sect2>
			<title>Multidimensional Tiling</title>

			<sect3>
				<title>Bucket Functions</title>

				<itemizedlist>
					<listitem>
						<para><link linkend="bucketList"><varname>bucketList</varname></link>: Returns a set of couples (index, bucket) that cover the range or period with buckets of the same width or duration aligned with the origin</para>
					</listitem>

					<listitem>
						<para><link linkend="valueBucket"><varname>valueBucket</varname></link>: Returns the start value of the bucket that contains the input number.</para>
					</listitem>

					<listitem>
						<para><link linkend="rangeBucket"><varname>rangeBucket</varname></link>: Returns the range in the bucket space that contains the input number</para>
					</listitem>

					<listitem>
						<para><link linkend="timeBucket"><varname>timeBucket</varname></link>: Returns the start timestamp of the bucket that contains the input timestamp.</para>
					</listitem>

					<listitem>
						<para><link linkend="periodBucket"><varname>periodBucket</varname></link>: Returns a period in the bucket space that contains the input timestamp</para>
					</listitem>

				</itemizedlist>
			</sect3>

			<sect3>
				<title>Grid Functions</title>

				<itemizedlist>
					<listitem>
						<para><link linkend="multidimGrid"><varname>multidimGrid</varname></link>: Returns a set of couples (index, tile) that covers the box with multidimensional tiles of the same size and duration.</para>
					</listitem>

					<listitem>
						<para><link linkend="multidimTile"><varname>multidimTile</varname></link>: Returns the tile of the multidimensional grid that contains the value and the timestamp</para>
						</listitem>
				</itemizedlist>
			</sect3>

			<sect3>
				<title>Split Functions</title>

				<itemizedlist>
					<listitem>
						<para><link linkend="valueSplit"><varname>valueSplit</varname></link>: Fragment the temporal number with respect to value buckets</para>
					</listitem>

					<listitem>
						<para><link linkend="timeSplit"><varname>timeSplit</varname></link>: Fragment the temporal value with respect to time buckets</para>
					</listitem>

					<listitem>
						<para><link linkend="valueTimeSplit"><varname>valueTimeSplit</varname></link>: Fragment the temporal number with respect to the tiles in a value-time grid</para>
					</listitem>

					<listitem>
						<para><link linkend="spaceSplit"><varname>spaceSplit</varname></link>: Fragment the temporal point with respect to tiles in a spatial grid</para>
					</listitem>

					<listitem>
						<para><link linkend="spaceTimeSplit"><varname>spaceTimeSplit</varname></link>: Fragment the temporal point with respect to tiles in a spatiotemporal grid</para>
					</listitem>
				</itemizedlist>
			</sect3>
		</sect2>

		<sect2>
			<title>Aggregate Functions</title>

			<itemizedlist>
				<listitem>
					<para><link linkend="tcount"><varname>tcount</varname></link>: Temporal count</para>
				</listitem>

				<listitem>
					<para><link linkend="extent"><varname>extent</varname></link>: Bounding box extent</para>
				</listitem>

				<listitem>
					<para><link linkend="tand"><varname>tand</varname></link>: Temporal and</para>
				</listitem>

				<listitem>
					<para><link linkend="tor"><varname>tor</varname></link>: Temporal or</para>
				</listitem>

				<listitem>
					<para><link linkend="tmin"><varname>tmin</varname></link>: Temporal minimum</para>
				</listitem>

				<listitem>
					<para><link linkend="tmax"><varname>tmax</varname></link>: Temporal maximum</para>
				</listitem>

				<listitem>
					<para><link linkend="tsum"><varname>tsum</varname></link>: Temporal sum</para>
				</listitem>

				<listitem>
					<para><link linkend="tavg"><varname>tavg</varname></link>: Temporal average</para>
				</listitem>

				<listitem>
					<para><link linkend="wmin"><varname>wmin</varname></link>: Window minimum</para>
				</listitem>

				<listitem>
					<para><link linkend="wmax"><varname>wmax</varname></link>: Window maximum</para>
				</listitem>

				<listitem>
					<para><link linkend="wcount"><varname>wcount</varname></link>: Window count</para>
				</listitem>

				<listitem>
					<para><link linkend="wsum"><varname>wsum</varname></link>: Window sum</para>
				</listitem>

				<listitem>
					<para><link linkend="wavg"><varname>wavg</varname></link>: Window average</para>
				</listitem>

				<listitem>
					<para><link linkend="tcentroid"><varname>tcentroid</varname></link>: Temporal centroid</para>
				</listitem>

			</itemizedlist>
		</sect2>

		<sect2>
			<title>Utility Functions</title>
			<itemizedlist>
				<listitem>
					<para><link linkend="mobilitydb_version"><varname>mobilitydb_version</varname></link>: Get the version of the MobilityDB extension</para>
				</listitem>

				<listitem>
					<para><link linkend="mobilitydb_full_version"><varname>mobilitydb_full_version</varname></link>: Get the versions of the MobilityDB extension and its dependencies</para>
				</listitem>
			</itemizedlist>
		</sect2>
	</sect1>

	<sect1>
		<title>Functions and Operators for Temporal Network Points</title>

		<sect2>
			<title>Static Network Types</title>

			<sect3>
				<title>Constructor Functions</title>
				<itemizedlist>
					<listitem>
						<para><link linkend="npoint"><varname>npoint</varname></link>: Constructor for network points</para>
					</listitem>

					<listitem>
						<para><link linkend="nsegment"><varname>nsegment</varname></link>: Constructor for network segments</para>
					</listitem>
				</itemizedlist>
			</sect3>

			<sect3>
				<title>Accessor Functions</title>
				<itemizedlist>
					<listitem>
						<para><link linkend="route"><varname>route</varname></link>: Get the route identifier</para>
					</listitem>

					<listitem>
						<para><link linkend="getPosition"><varname>getPosition</varname></link>: Get the position fraction</para>
					</listitem>

					<listitem>
						<para><link linkend="startPosition"><varname>startPosition</varname></link>: Get the start position</para>
					</listitem>

					<listitem>
						<para><link linkend="endPosition"><varname>endPosition</varname></link>: Get the end position</para>
					</listitem>

					<listitem>
						<para><link linkend="npoint_srid"><varname>SRID</varname></link>: Get the spatial reference identifier</para>
					</listitem>
				</itemizedlist>
			</sect3>

			<sect3>
				<title>Modification Functions</title>
				<itemizedlist>
					<listitem>
						<para><link linkend="npoint_round"><varname>round</varname></link>: Round the position(s) of the network point or the network segment to the number of decimal places</para>
					</listitem>
				</itemizedlist>
			</sect3>

			<sect3>
				<title>Spatial Functions</title>
				<itemizedlist>
					<listitem>
						<para><link linkend="npoint_geometry"><varname>::</varname></link>: Cast a network point to a geometry</para>
					</listitem>

					<listitem>
						<para><link linkend="geometry_npoint"><varname>::</varname></link>: Cast a geometry to a network point</para>
					</listitem>

					<listitem>
						<para><link linkend="npoint_same"><varname>equals</varname></link>: Spatial equality for network points</para>
					</listitem>
				</itemizedlist>
			</sect3>

			<sect3>
				<title>Comparison Operators</title>
				<itemizedlist>
					<listitem>
						<para><link linkend="static_eq"><varname>=</varname></link>: Are the values equal?</para>
						</listitem>

					<listitem>
						<para><link linkend="static_ne"><varname>&lt;&gt;</varname></link>: Are the values different?</para>
					</listitem>

					<listitem>
						<para><link linkend="static_lt"><varname>&lt;</varname></link>: Is the first value less than the second one?</para>
					</listitem>

					<listitem>
						<para><link linkend="static_gt"><varname>&gt;</varname></link>: Is the first value greater than the second one?</para>
					</listitem>

					<listitem>
						<para><link linkend="static_le"><varname>&lt;=</varname></link>: Is the first value less than or equal to the second one?</para>
					</listitem>

					<listitem>
						<para><link linkend="static_ge"><varname>&gt;=</varname></link>: Is the first value greater than or equal to the second one?</para>
					</listitem>
				</itemizedlist>
			</sect3>
		</sect2>

		<sect2>
			<title>Temporal Network Points</title>

			<sect3>
				<title>Constructors</title>
				<itemizedlist>
					<listitem>
						<para><link linkend="tnpoint_inst"><varname>tnpoint_inst</varname></link>: Constructor for temporal network points of instant subtype</para>
					</listitem>

					<listitem>
						<para><link linkend="tnpoint_instset"><varname>tnpoint_instset</varname></link>: Constructors for temporal network points of instant set subtype</para>
					</listitem>

					<listitem>
						<para><link linkend="tnpoint_seq"><varname>tnpoint_seq</varname></link>: Constructor for temporal network points of sequence subtype</para>
					</listitem>

					<listitem>
						<para><link linkend="tnpoint_seqset"><varname>tnpoint_seqset</varname></link>: Constructor for temporal network points of sequence set subtype</para>
					</listitem>
				</itemizedlist>
			</sect3>

			<sect3>
				<title>Casting</title>
				<itemizedlist>
					<listitem>
						<para><link linkend="tnpoint_tgeompoint"><varname>tnpoint::tgeompoint</varname></link>: Cast a temporal network point to a temporal geometry point</para>
					</listitem>

					<listitem>
						<para><link linkend="tgeompoint_tnpoint"><varname>tgeompoint::tnpoint</varname></link>: Cast a temporal geometry point to a temporal network point</para>
					</listitem>
				</itemizedlist>
			</sect3>

			<sect3>
				<title>Functions and Operators</title>
				<itemizedlist>
					<listitem>
						<para><link linkend="tnpoint_transform"><varname>tnpoint_inst, tnpoint_instset, tnpoint_seq, tnpoint_seqset</varname></link>: Transform a temporal network to another subtype</para>
					</listitem>

					<listitem>
						<para><link linkend="tnpoint_round"><varname>round</varname></link>: Round the fraction of the temporal network point to the number of decimal places</para>
					</listitem>

					<listitem>
						<para><link linkend="tnpoint_getValues"><varname>getValues</varname></link>: Get the values</para>
					</listitem>

					<listitem>
						<para><link linkend="tnpoint_valueAtTimestamp"><varname>valueAtTimestamp</varname></link>: Get the value at a timestamp</para>
					</listitem>

					<listitem>
						<para><link linkend="tnpoint_length"><varname>length</varname></link>: Get the length traversed by the temporal network point</para>
					</listitem>

					<listitem>
						<para><link linkend="tnpoint_cumulativeLength"><varname>cumulativeLength</varname></link>: Get the cumulative length traversed by the temporal network point</para>
					</listitem>

					<listitem>
						<para><link linkend="tnpoint_speed"><varname>speed</varname></link>: Get the speed of the temporal network point in units per second</para>
					</listitem>

					<listitem>
						<para><link linkend="tnpoint_stbox"><varname>stbox</varname></link>: Construct the bounding box from a npoint and, optionally, a timestamp or a period</para>
					</listitem>

					<listitem>
						<para><link linkend="tnpoint_twCentroid"><varname>twCentroid</varname></link>: Get the time-weighted centroid</para>
					</listitem>

					<listitem>
						<para><link linkend="tnpoint_azimuth"><varname>azimuth</varname></link>: Get the temporal azimuth</para>
					</listitem>

					<listitem>
						<para><link linkend="tnpoint_nearestApproachInstant"><varname>nearestApproachInstant</varname></link>: Get the instant of the first temporal network point at which the two arguments are at the nearest distance</para>
					</listitem>

					<listitem>
						<para><link linkend="tnpoint_nearestApproachDistance"><varname>nearestApproachDistance</varname></link>: Smallest distance ever between the two arguments</para>
					</listitem>

					<listitem>
						<para><link linkend="tnpoint_shortestLine"><varname>shortestLine</varname></link>: Get the line connecting the nearest approach point between the two arguments</para>
					</listitem>

					<listitem>
						<para><link linkend="tnpoint_atValue"><varname>atValue</varname></link>: Restrict to a value</para>
					</listitem>

					<listitem>
						<para><link linkend="tnpoint_atGeometry"><varname>atGeometry</varname></link>: Restrict to a geometry</para>
					</listitem>

					<listitem>
						<para><link linkend="tnpoint_minusValue"><varname>minusValue</varname></link>: Difference with a value</para>
					</listitem>

					<listitem>
						<para><link linkend="tnpoint_minusGeometry"><varname>minusGeometry</varname></link>: Difference with a geometry</para>
					</listitem>

					<listitem>
						<para><link linkend="tnpoint_comp"><varname>=, &lt;&gt;, &lt;, &gt;, &lt;=, &gt;=</varname></link>: Traditional comparison operators</para>
					</listitem>

					<listitem>
						<para><link linkend="tnpoint_tcomp"><varname>#=, #&lt;&gt;</varname></link>: Temporal comparison operators</para>
					</listitem>

					<listitem>
						<para><link linkend="tnpoint_ever_always"><varname>?=, &amp;=</varname></link>: Ever and always equal operators</para>
					</listitem>

					<listitem>
						<para><link linkend="tnpoint_relpos"><varname>&lt;&lt;, &amp;&lt;, &gt;&gt;, &amp;&gt;, &lt;&lt;|, &amp;&lt;|, |&gt;&gt;, |&amp;&gt;, &lt;&lt;#, &amp;&lt;#, #&gt;&gt;, |&amp;&gt;</varname></link>: Relative position operators</para>
					</listitem>

					<listitem>
						<para><link linkend="tnpoint_topo"><varname>&amp;&amp;, &lt;@, @&gt;, ~=, -|-</varname></link>: Topological operators</para>
					</listitem>

					<listitem>
						<para><link linkend="tnpoint_smallestDistance"><varname>|=|</varname></link>: Get the smallest distance ever between the two arguments</para>
					</listitem>

					<listitem>
						<para><link linkend="tnpoint_distance"><varname>&lt;-&gt;</varname></link>: Get the temporal distance</para>
					</listitem>

					<listitem>
						<para><link linkend="tnpoint_spatialrels"><varname>contains, disjoint, intersects, touches, dwithin</varname></link>: Possible spatial relationships</para>
					</listitem>

					<listitem>
						<para><link linkend="tnpoint_tspatialrels"><varname>tcontains, tdisjoint, tintersects, ttouches, tdwithin</varname></link>: Temporal spatial relationships</para>
					</listitem>
				</itemizedlist>
			</sect3>

			<sect3>
				<title>Aggregate Functions</title>

				<itemizedlist>
					<listitem>
						<para><link linkend="tnpoint_tcount"><varname>tcount</varname></link>: Temporal count</para>
					</listitem>

					<listitem>
						<para><link linkend="tnpoint_wcount"><varname>tcount</varname></link>: Window count</para>
					</listitem>

					<listitem>
						<para><link linkend="tnpoint_tcentroid"><varname>tcentroid</varname></link>: Temporal centroid</para>
					</listitem>
				</itemizedlist>
			</sect3>
		</sect2>
	</sect1>

</appendix>
